Science Fair Logging,Unnamed: 1,Unnamed: 2,Unnamed: 3,Unnamed: 4,Unnamed: 5,Unnamed: 6,Unnamed: 7,Unnamed: 8,Unnamed: 9,Unnamed: 10,Unnamed: 11,Unnamed: 12,Unnamed: 13,Unnamed: 14,Unnamed: 15,Unnamed: 16,Unnamed: 17,Unnamed: 18,Unnamed: 19,Unnamed: 20,Unnamed: 21,Unnamed: 22,Unnamed: 23,Unnamed: 24,Unnamed: 25,Unnamed: 26,Unnamed: 27,Unnamed: 28,Unnamed: 29,Unnamed: 30,Unnamed: 31,Unnamed: 32,Unnamed: 33,Unnamed: 34,Unnamed: 35,Unnamed: 36,Unnamed: 37,Unnamed: 38,Unnamed: 39,Unnamed: 40,Unnamed: 41,Unnamed: 42,Unnamed: 43,Unnamed: 44,Unnamed: 45,Unnamed: 46,Unnamed: 47,Unnamed: 48,Unnamed: 49,Unnamed: 50,Unnamed: 51,Unnamed: 52,Unnamed: 53,Unnamed: 54,Unnamed: 55,Unnamed: 56,Unnamed: 57,Unnamed: 58,Unnamed: 59,Unnamed: 60,Unnamed: 61,Unnamed: 62,Unnamed: 63,Unnamed: 64,Unnamed: 65,Unnamed: 66,Unnamed: 67,Unnamed: 68,Unnamed: 69,Unnamed: 70,Unnamed: 71,Unnamed: 72,Unnamed: 73,Unnamed: 74,Unnamed: 75,Unnamed: 76,Unnamed: 77,Unnamed: 78,Unnamed: 79,Unnamed: 80,Unnamed: 81,Unnamed: 82,Unnamed: 83,Unnamed: 84,Unnamed: 85,Unnamed: 86,Unnamed: 87,Unnamed: 88,Unnamed: 89,Unnamed: 90,Unnamed: 91,Unnamed: 92,Unnamed: 93,Unnamed: 94,Unnamed: 95,Unnamed: 96,Unnamed: 97,Unnamed: 98,Unnamed: 99,Unnamed: 100,Unnamed: 101,Unnamed: 102,Unnamed: 103,Unnamed: 104,Unnamed: 105,Unnamed: 106,Unnamed: 107,Unnamed: 108,Unnamed: 109,Unnamed: 110,Unnamed: 111,Unnamed: 112,Unnamed: 113,Unnamed: 114,Unnamed: 115,Unnamed: 116,Unnamed: 117,Unnamed: 118,Unnamed: 119,Unnamed: 120,Unnamed: 121,Unnamed: 122,Unnamed: 123,Unnamed: 124,Unnamed: 125,Unnamed: 126,Unnamed: 127,Unnamed: 128,Unnamed: 129,Unnamed: 130,Unnamed: 131,Unnamed: 132,Unnamed: 133,Unnamed: 134,Unnamed: 135,Unnamed: 136,Unnamed: 137,Unnamed: 138,Unnamed: 139,Unnamed: 140,Unnamed: 141,Unnamed: 142,Unnamed: 143,Unnamed: 144,Unnamed: 145,Unnamed: 146,Unnamed: 147,Unnamed: 148,Unnamed: 149,Unnamed: 150,Unnamed: 151,Unnamed: 152,Unnamed: 153,Unnamed: 154,Unnamed: 155,Unnamed: 156,Unnamed: 157,Unnamed: 158,Unnamed: 159,Unnamed: 160,Unnamed: 161,Unnamed: 162,Unnamed: 163,Unnamed: 164,Unnamed: 165,Unnamed: 166,Unnamed: 167,Unnamed: 168,Unnamed: 169,Unnamed: 170,Unnamed: 171,Unnamed: 172,Unnamed: 173,Unnamed: 174,Unnamed: 175,Unnamed: 176,Unnamed: 177,Unnamed: 178,Unnamed: 179,Unnamed: 180,Unnamed: 181,Unnamed: 182,Unnamed: 183,Unnamed: 184,Unnamed: 185,Unnamed: 186,Unnamed: 187,Unnamed: 188,Unnamed: 189
Information,,Test 1,,,,,Test 2,,,,,Test 3,,,,,Test 4,,,,,Test 5,,,,,Test 6,,,,,Test 7,,,,,Test 8,,,,,Test 9,,,,,Test 10,,,,,Test 11,,,,,Test 12,,,,,Test 13,,,,,Test 14,,,,,Test 15,,,,,Test 16,,,,,Test 17,,,,,Test 18,,,,,Test 19,,,,,Test 20,,,,,Test 21,,,,,Test 22,,,,,Test 23,,,,,Test 24,,,,,Test 25,,,,,Test 26,,,,,Test 27,,,,,Test 28,,,,,Test 29,,,,,Test 30,,,,,Test 31,,,,,Test 32,,,,,Test 33,,,,,Test 34,,,,,Test 35,,,,,Test 36,,,,,Test 37,,,,,Averages,,
Model,Image Number,Predicted Class,Actual Class,Correct,Wrong,Prediction Time (s),Predicted Class,Actual Class,Correct,Wrong,Prediction Time (s),Predicted Class,Actual Class,Correct,Wrong,Prediction Time (s),Predicted Class,Actual Class,Correct,Wrong,Prediction Time (s),Predicted Class,Actual Class,Correct,Wrong,Prediction Time (s),Predicted Class,Actual Class,Correct,Wrong,Prediction Time (s),Predicted Class,Actual Class,Correct,Wrong,Prediction Time (s),Predicted Class,Actual Class,Correct,Wrong,Prediction Time (s),Predicted Class,Actual Class,Correct,Wrong,Prediction Time (s),Predicted Class,Actual Class,Correct,Wrong,Prediction Time (s),Predicted Class,Actual Class,Correct,Wrong,Prediction Time (s),Predicted Class,Actual Class,Correct,Wrong,Prediction Time (s),Predicted Class,Actual Class,Correct,Wrong,Prediction Time (s),Predicted Class,Actual Class,Correct,Wrong,Prediction Time (s),Predicted Class,Actual Class,Correct,Wrong,Prediction Time (s),Predicted Class,Actual Class,Correct,Wrong,Prediction Time (s),Predicted Class,Actual Class,Correct,Wrong,Prediction Time (s),Predicted Class,Actual Class,Correct,Wrong,Prediction Time (s),Predicted Class,Actual Class,Correct,Wrong,Prediction Time (s),Predicted Class,Actual Class,Correct,Wrong,Prediction Time (s),Predicted Class,Actual Class,Correct,Wrong,Prediction Time (s),Predicted Class,Actual Class,Correct,Wrong,Prediction Time (s),Predicted Class,Actual Class,Correct,Wrong,Prediction Time (s),Predicted Class,Actual Class,Correct,Wrong,Prediction Time (s),Predicted Class,Actual Class,Correct,Wrong,Prediction Time (s),Predicted Class,Actual Class,Correct,Wrong,Prediction Time (s),Predicted Class,Actual Class,Correct,Wrong,Prediction Time (s),Predicted Class,Actual Class,Correct,Wrong,Prediction Time (s),Predicted Class,Actual Class,Correct,Wrong,Prediction Time (s),Predicted Class,Actual Class,Correct,Wrong,Prediction Time (s),Predicted Class,Actual Class,Correct,Wrong,Prediction Time (s),Predicted Class,Actual Class,Correct,Wrong,Prediction Time (s),Predicted Class,Actual Class,Correct,Wrong,Prediction Time (s),Predicted Class,Actual Class,Correct,Wrong,Prediction Time (s),Predicted Class,Actual Class,Correct,Wrong,Prediction Time (s),Predicted Class,Actual Class,Correct,Wrong,Prediction Time (s),Predicted Class,Actual Class,Correct,Wrong,Prediction Time (s),Correct,Wrong,Prediction Time (s)
Low,1,1,0,No,No,0.2299,1,0,No,No,0.1795,1,0,No,No,0.1489,1,0,No,No,0.1518,1,0,No,No,0.1472,0,0,Yes,Yes,0.4843,1,0,No,No,0.8196,1,0,No,No,0.6023,1,0,No,No,1.2117,1,0,No,No,0.7262,1,0,No,No,0.7024,1,0,No,No,0.7476,1,0,No,No,0.6918,1,0,No,No,0.7636,1,0,No,No,0.4847,1,0,No,No,0.7,1,0,No,No,2.6984,1,0,No,No,0.4892,1,0,No,No,0.7163,1,0,No,No,0.7021,1,0,No,No,0.6939,1,0,No,No,1.4823,1,0,No,No,0.7008,1,0,No,No,0.6972,1,0,No,No,0.7608,1,0,No,No,0.7049,1,0,No,No,0.6959,1,0,No,No,0.6975,1,0,No,No,0.7019,1,0,No,No,0.6942,1,0,No,No,1.3886,1,0,No,No,0.7021,1,0,No,No,0.7696,0,0,Yes,Yes,0.6979,1,0,No,No,0.6971,1,0,No,No,0.696,1,0,No,No,0.6949,2,35,0.7263000000000001
Low,2,1,0,No,No,0.2426,1,0,No,No,0.1385,1,0,No,No,0.142,1,0,No,No,0.1443,1,0,No,No,0.1429,1,0,No,No,0.2337,1,0,No,No,0.2807,1,0,No,No,0.1361,1,0,No,No,0.1316,1,0,No,No,0.066,1,0,No,No,0.0642,1,0,No,No,0.0857,1,0,No,No,0.1064,1,0,No,No,0.1265,1,0,No,No,0.0673,1,0,No,No,0.0817,1,0,No,No,0.2707,1,0,No,No,0.0609,1,0,No,No,0.0639,1,0,No,No,0.0642,1,0,No,No,0.066,1,0,No,No,0.1772,1,0,No,No,0.0652,1,0,No,No,0.0598,1,0,No,No,0.1283,1,0,No,No,0.0818,1,0,No,No,0.0603,1,0,No,No,0.0657,1,0,No,No,0.0623,1,0,No,No,0.0665,1,0,No,No,0.066,1,0,No,No,0.0605,1,0,No,No,0.0675,1,0,No,No,0.0783,1,0,No,No,0.0721,1,0,No,No,0.0662,1,0,No,No,0.0626,0,37,0.1069243243243243
Low,3,1,0,No,No,0.3518,1,0,No,No,0.1482,1,0,No,No,0.1488,1,0,No,No,0.2614,1,0,No,No,0.1329,1,0,No,No,0.3041,1,0,No,No,0.4607,1,0,No,No,0.1641,1,0,No,No,0.1256,1,0,No,No,0.0662,1,0,No,No,0.0668,1,0,No,No,0.083,1,0,No,No,0.088,1,0,No,No,0.0826,1,0,No,No,0.0575,1,0,No,No,0.0787,1,0,No,No,0.1893,1,0,No,No,0.062,1,0,No,No,0.0645,1,0,No,No,0.0619,1,0,No,No,0.0579,1,0,No,No,0.1517,1,0,No,No,0.0623,1,0,No,No,0.0572,1,0,No,No,0.1254,1,0,No,No,0.0772,1,0,No,No,0.0647,1,0,No,No,0.0642,1,0,No,No,0.0638,1,0,No,No,0.0574,1,0,No,No,0.0655,1,0,No,No,0.058,1,0,No,No,0.0617,0,0,Yes,Yes,0.065,1,0,No,No,0.0596,1,0,No,No,0.0594,1,0,No,No,0.0586,1,36,0.11372162162162165
Low,4,1,0,No,No,0.2032,1,0,No,No,0.4089,1,0,No,No,0.2819,1,0,No,No,0.1486,1,0,No,No,0.1901,0,0,Yes,Yes,0.2408,1,0,No,No,0.6934,1,0,No,No,0.1405,1,0,No,No,0.122,1,0,No,No,0.1235,1,0,No,No,0.1379,1,0,No,No,0.1938,1,0,No,No,0.1449,1,0,No,No,0.1239,1,0,No,No,0.1519,1,0,No,No,0.0967,1,0,No,No,0.3941,1,0,No,No,0.1255,1,0,No,No,0.1292,1,0,No,No,0.0637,1,0,No,No,0.0841,1,0,No,No,0.2108,1,0,No,No,0.1284,1,0,No,No,0.0744,1,0,No,No,0.1627,1,0,No,No,0.173,1,0,No,No,0.0826,1,0,No,No,0.1246,1,0,No,No,0.0632,1,0,No,No,0.1227,1,0,No,No,0.0588,1,0,No,No,0.1254,1,0,No,No,0.1283,0,0,Yes,Yes,0.1255,1,0,No,No,0.089,1,0,No,No,0.1267,1,0,No,No,0.0696,2,35,0.16390000000000002
Low,5,1,1,Yes,Yes,0.1754,0,1,No,No,0.4381,0,1,No,No,0.1467,0,1,No,No,0.2234,0,1,No,No,0.134,0,1,No,No,0.2933,0,1,No,No,0.4974,0,1,No,No,0.3322,0,1,No,No,0.0842,0,1,No,No,0.1283,1,1,Yes,Yes,0.1571,1,1,Yes,Yes,0.2976,1,1,Yes,Yes,0.241,0,1,No,No,0.2141,0,1,No,No,0.1295,0,1,No,No,0.1526,0,1,No,No,0.4288,0,1,No,No,0.1283,0,1,No,No,0.1493,0,1,No,No,0.1292,0,1,No,No,0.1069,0,1,No,No,0.1372,0,1,No,No,0.1252,0,1,No,No,0.0577,0,1,No,No,0.133,1,1,Yes,Yes,0.1918,1,1,Yes,Yes,0.1408,0,1,No,No,0.1286,0,1,No,No,0.1064,0,1,No,No,0.0949,0,1,No,No,0.0869,1,1,Yes,Yes,0.0931,0,1,No,No,0.1306,0,1,No,No,0.1286,0,1,No,No,0.1694,1,1,Yes,Yes,0.1285,1,1,Yes,Yes,0.1254,9,28,0.1774459459459459
Low,6,1,1,Yes,Yes,0.1913,0,1,No,No,0.1425,0,1,No,No,0.1207,0,1,No,No,0.1036,0,1,No,No,0.3464,0,1,No,No,0.143,0,1,No,No,0.3351,0,1,No,No,0.2871,0,1,No,No,0.1172,0,1,No,No,0.1207,0,1,No,No,0.1343,1,1,Yes,Yes,0.1473,1,1,Yes,Yes,0.1583,0,1,No,No,0.1791,0,1,No,No,0.1235,0,1,No,No,0.1344,0,1,No,No,0.3307,0,1,No,No,0.1306,0,1,No,No,0.1219,0,1,No,No,0.0948,0,1,No,No,0.1235,0,1,No,No,0.1889,0,1,No,No,0.1258,0,1,No,No,0.1242,0,1,No,No,0.1552,0,1,No,No,0.1796,1,1,Yes,Yes,0.1305,0,1,No,No,0.123,0,1,No,No,0.1248,1,1,Yes,Yes,0.0836,0,1,No,No,0.1405,1,1,Yes,Yes,0.1227,0,1,No,No,0.123,0,1,No,No,0.1233,0,1,No,No,0.1246,1,1,Yes,Yes,0.1295,1,1,Yes,Yes,0.1324,8,29,0.15452972972972967
Low,7,1,1,Yes,Yes,0.1353,0,1,No,No,0.3121,0,1,No,No,0.1382,0,1,No,No,0.1535,1,1,Yes,Yes,0.1283,0,1,No,No,0.1527,0,1,No,No,0.6613,0,1,No,No,0.1033,0,1,No,No,0.0923,0,1,No,No,0.0684,1,1,Yes,Yes,0.0945,1,1,Yes,Yes,0.1178,0,1,No,No,0.0793,0,1,No,No,0.1345,1,1,Yes,Yes,0.0785,0,1,No,No,0.0661,1,1,Yes,Yes,0.2128,0,1,No,No,0.0686,0,1,No,No,0.0725,0,1,No,No,0.122,0,1,No,No,0.0825,0,1,No,No,0.1842,0,1,No,No,0.0704,0,1,No,No,0.127,1,1,Yes,Yes,0.0709,1,1,Yes,Yes,0.1711,1,1,Yes,Yes,0.0761,0,1,No,No,0.0807,0,1,No,No,0.1266,1,1,Yes,Yes,0.1233,0,1,No,No,0.1256,1,1,Yes,Yes,0.0838,1,1,Yes,Yes,0.0757,0,1,No,No,0.0826,0,1,No,No,0.0664,1,1,Yes,Yes,0.0689,1,1,Yes,Yes,0.1397,14,23,0.12831081081081083
Low,8,1,1,Yes,Yes,0.1542,0,1,No,No,0.3657,0,1,No,No,0.1135,0,1,No,No,0.239,0,1,No,No,0.2223,0,1,No,No,0.1077,0,1,No,No,0.5749,0,1,No,No,0.1361,0,1,No,No,0.1225,0,1,No,No,0.1309,1,1,Yes,Yes,0.0949,1,1,Yes,Yes,0.1118,1,1,Yes,Yes,0.2582,0,1,No,No,0.2332,0,1,No,No,0.1237,0,1,No,No,0.0874,0,1,No,No,0.1843,0,1,No,No,0.1294,0,1,No,No,0.0888,0,1,No,No,0.0859,0,1,No,No,0.1252,0,1,No,No,0.2309,0,1,No,No,0.8098,0,1,No,No,0.1296,0,1,No,No,0.1257,1,1,Yes,Yes,0.154,1,1,Yes,Yes,0.0911,0,1,No,No,0.0901,0,1,No,No,0.1223,1,1,Yes,Yes,0.126,0,1,No,No,0.0837,1,1,Yes,Yes,0.1278,0,1,No,No,0.1326,0,1,No,No,0.1299,0,1,No,No,0.0911,1,1,Yes,Yes,0.1288,1,1,Yes,Yes,0.0715,10,27,0.1712027027027027
Low,9,1,0,No,No,0.3111,1,0,No,No,0.3063,1,0,No,No,0.1437,1,0,No,No,0.1577,1,0,No,No,0.2859,1,0,No,No,0.1882,1,0,No,No,0.3504,1,0,No,No,0.1275,1,0,No,No,0.1299,1,0,No,No,0.0629,1,0,No,No,0.1126,1,0,No,No,0.1967,1,0,No,No,0.1291,1,0,No,No,0.1342,1,0,No,No,0.0695,1,0,No,No,0.1234,1,0,No,No,0.2075,1,0,No,No,0.0757,1,0,No,No,0.1249,1,0,No,No,0.1255,1,0,No,No,0.0669,1,0,No,No,0.1597,1,0,No,No,0.0703,1,0,No,No,0.1277,1,0,No,No,0.0679,1,0,No,No,0.1578,1,0,No,No,0.0887,1,0,No,No,0.0974,1,0,No,No,0.1325,1,0,No,No,0.0719,1,0,No,No,0.0862,1,0,No,No,0.1299,1,0,No,No,0.0797,1,0,No,No,0.0812,1,0,No,No,0.0902,1,0,No,No,0.0874,1,0,No,No,0.1454,0,37,0.13793243243243247
Low,10,1,0,No,No,0.2482,1,0,No,No,0.2314,1,0,No,No,0.2403,1,0,No,No,0.1456,1,0,No,No,0.2245,0,0,Yes,Yes,0.1979,1,0,No,No,0.3179,1,0,No,No,0.1424,1,0,No,No,0.0605,1,0,No,No,0.0855,1,0,No,No,0.1435,1,0,No,No,0.192,1,0,No,No,0.1262,1,0,No,No,0.1835,1,0,No,No,0.1288,1,0,No,No,0.0979,1,0,No,No,0.2407,0,0,Yes,Yes,0.1314,0,0,Yes,Yes,0.1301,1,0,No,No,0.0666,1,0,No,No,0.1306,1,0,No,No,0.241,1,0,No,No,0.1419,0,0,Yes,Yes,0.1283,1,0,No,No,0.128,1,0,No,No,0.2117,1,0,No,No,0.1284,1,0,No,No,0.1265,1,0,No,No,0.1303,1,0,No,No,0.1299,0,0,Yes,Yes,0.0912,1,0,No,No,0.1311,0,0,Yes,Yes,0.1038,0,0,Yes,Yes,0.1292,1,0,No,No,0.1337,1,0,No,No,0.0908,1,0,No,No,0.0694,7,30,0.15082972972972972
Low,11,0,1,No,No,0.3747,0,1,No,No,0.227,0,1,No,No,0.144,0,1,No,No,0.1534,0,1,No,No,0.3126,0,1,No,No,0.1235,0,1,No,No,0.2957,0,1,No,No,0.2212,0,1,No,No,0.0618,0,1,No,No,0.166,0,1,No,No,0.1377,1,1,Yes,Yes,0.2472,0,1,No,No,0.2632,0,1,No,No,0.2182,0,1,No,No,0.1252,0,1,No,No,0.1355,0,1,No,No,0.2213,0,1,No,No,0.1514,0,1,No,No,0.127,0,1,No,No,0.0847,0,1,No,No,0.1247,0,1,No,No,0.2792,0,1,No,No,0.2542,0,1,No,No,0.1446,0,1,No,No,0.1322,0,1,No,No,0.2764,0,1,No,No,0.1522,0,1,No,No,0.132,0,1,No,No,0.1493,0,1,No,No,0.1612,0,1,No,No,0.133,0,1,No,No,0.1261,0,1,No,No,0.1723,0,1,No,No,0.1154,0,1,No,No,0.1473,0,1,No,No,0.1648,0,1,No,No,0.1247,1,36,0.17786216216216214
Low,12,1,1,Yes,Yes,0.2039,0,1,No,No,0.2086,1,1,Yes,Yes,0.1545,0,1,No,No,0.1408,1,1,Yes,Yes,0.2219,0,1,No,No,0.1246,0,1,No,No,0.1308,0,1,No,No,0.1733,0,1,No,No,0.0639,0,1,No,No,0.1382,1,1,Yes,Yes,0.1427,1,1,Yes,Yes,0.1273,1,1,Yes,Yes,0.143,0,1,No,No,0.1889,1,1,Yes,Yes,0.1251,1,1,Yes,Yes,0.1346,1,1,Yes,Yes,0.215,0,1,No,No,0.1334,0,1,No,No,0.1283,0,1,No,No,0.2319,1,1,Yes,Yes,0.1489,0,1,No,No,0.2156,0,1,No,No,0.1673,0,1,No,No,0.1356,1,1,Yes,Yes,0.126,1,1,Yes,Yes,0.1701,1,1,Yes,Yes,0.1301,0,1,No,No,0.1462,0,1,No,No,0.1309,1,1,Yes,Yes,0.1287,0,1,No,No,0.1226,1,1,Yes,Yes,0.1329,1,1,Yes,Yes,0.1258,0,1,No,No,0.0925,0,1,No,No,0.1308,1,1,Yes,Yes,0.1447,1,1,Yes,Yes,0.1321,18,19,0.1489594594594595
Low,13,1,0,No,No,0.1334,0,0,Yes,Yes,0.3679,1,0,No,No,0.1464,0,0,Yes,Yes,0.1397,1,0,No,No,0.2882,0,0,Yes,Yes,0.1877,0,0,Yes,Yes,0.1384,0,0,Yes,Yes,0.1275,1,0,No,No,0.0669,0,0,Yes,Yes,0.1256,1,0,No,No,0.1124,1,0,No,No,0.1778,1,0,No,No,0.1507,1,0,No,No,0.1499,0,0,Yes,Yes,0.1379,1,0,No,No,0.1126,1,0,No,No,0.2136,1,0,No,No,0.1801,1,0,No,No,0.1264,0,0,Yes,Yes,0.1378,0,0,Yes,Yes,0.1258,0,0,Yes,Yes,0.1684,0,0,Yes,Yes,0.2019,0,0,Yes,Yes,0.1432,1,0,No,No,0.1279,0,0,Yes,Yes,0.1876,1,0,No,No,0.1259,0,0,Yes,Yes,0.1285,0,0,Yes,Yes,0.1314,1,0,No,No,0.1294,0,0,Yes,Yes,0.1284,1,0,No,No,0.1255,0,0,Yes,Yes,0.1248,0,0,Yes,Yes,0.1227,0,0,Yes,Yes,0.1291,1,0,No,No,0.1843,1,0,No,No,0.131,19,18,0.15234324324324325
Low,14,1,1,Yes,Yes,0.086,1,1,Yes,Yes,0.1788,1,1,Yes,Yes,0.1394,1,1,Yes,Yes,0.1034,1,1,Yes,Yes,0.2147,1,1,Yes,Yes,0.1379,1,1,Yes,Yes,0.2019,1,1,Yes,Yes,0.1474,1,1,Yes,Yes,0.0587,1,1,Yes,Yes,0.1281,1,1,Yes,Yes,0.1331,1,1,Yes,Yes,0.3255,1,1,Yes,Yes,0.2326,1,1,Yes,Yes,0.2121,1,1,Yes,Yes,0.139,1,1,Yes,Yes,0.1327,1,1,Yes,Yes,0.2335,1,1,Yes,Yes,0.1568,1,1,Yes,Yes,0.1341,1,1,Yes,Yes,0.1466,1,1,Yes,Yes,0.1288,1,1,Yes,Yes,0.2175,1,1,Yes,Yes,0.3383,1,1,Yes,Yes,0.1393,1,1,Yes,Yes,0.1308,1,1,Yes,Yes,0.256,1,1,Yes,Yes,0.1369,1,1,Yes,Yes,0.1286,1,1,Yes,Yes,0.1291,1,1,Yes,Yes,0.1342,1,1,Yes,Yes,0.1282,1,1,Yes,Yes,0.1313,1,1,Yes,Yes,0.1397,0,1,No,No,0.1297,1,1,Yes,Yes,0.1359,1,1,Yes,Yes,0.1926,1,1,Yes,Yes,0.1248,36,1,0.16118918918918915
Low,15,1,0,No,No,0.0839,0,0,Yes,Yes,0.257,1,0,No,No,0.1682,0,0,Yes,Yes,0.1445,1,0,No,No,0.1396,1,0,No,No,0.1372,1,0,No,No,0.1376,1,0,No,No,0.1372,1,0,No,No,0.0631,1,0,No,No,0.1254,1,0,No,No,0.1288,1,0,No,No,0.129,1,0,No,No,0.1772,1,0,No,No,0.1929,0,0,Yes,Yes,0.1298,1,0,No,No,0.1252,1,0,No,No,0.174,1,0,No,No,0.1986,1,0,No,No,0.1231,1,0,No,No,0.1258,0,0,Yes,Yes,0.1249,0,0,Yes,Yes,0.1665,1,0,No,No,0.135,1,0,No,No,0.1328,1,0,No,No,0.1319,0,0,Yes,Yes,0.2018,1,0,No,No,0.1227,1,0,No,No,0.1276,1,0,No,No,0.1247,1,0,No,No,0.131,0,0,Yes,Yes,0.1552,1,0,No,No,0.1226,0,0,Yes,Yes,0.0908,0,0,Yes,Yes,0.1234,1,0,No,No,0.127,1,0,No,No,0.2721,1,0,No,No,0.1577,9,28,0.14448108108108107
Low,16,0,0,Yes,Yes,0.0905,0,0,Yes,Yes,0.6055,0,0,Yes,Yes,0.1013,0,0,Yes,Yes,0.1968,0,0,Yes,Yes,0.233,0,0,Yes,Yes,0.1192,0,0,Yes,Yes,0.1198,0,0,Yes,Yes,0.1452,0,0,Yes,Yes,0.063,0,0,Yes,Yes,0.1231,0,0,Yes,Yes,0.1273,1,0,No,No,0.1866,1,0,No,No,0.1739,0,0,Yes,Yes,0.1997,0,0,Yes,Yes,0.0888,0,0,Yes,Yes,0.1259,0,0,Yes,Yes,0.1814,0,0,Yes,Yes,0.1838,0,0,Yes,Yes,0.0894,0,0,Yes,Yes,0.1259,0,0,Yes,Yes,0.0869,0,0,Yes,Yes,0.1806,0,0,Yes,Yes,0.1259,0,0,Yes,Yes,0.0831,0,0,Yes,Yes,0.1241,0,0,Yes,Yes,0.1695,0,0,Yes,Yes,0.1264,0,0,Yes,Yes,0.0941,0,0,Yes,Yes,0.0868,0,0,Yes,Yes,0.0868,0,0,Yes,Yes,0.093,0,0,Yes,Yes,0.0844,0,0,Yes,Yes,0.1279,0,0,Yes,Yes,0.1334,0,0,Yes,Yes,0.1267,0,0,Yes,Yes,0.1779,1,0,No,No,0.1323,34,3,0.1437810810810811
Low,17,0,0,Yes,Yes,0.2091,0,0,Yes,Yes,0.2991,0,0,Yes,Yes,0.2275,0,0,Yes,Yes,0.2679,1,0,No,No,0.2997,1,0,No,No,0.1719,0,0,Yes,Yes,0.0829,1,0,No,No,0.1178,1,0,No,No,0.059,0,0,Yes,Yes,0.0653,1,0,No,No,0.061,1,0,No,No,0.1327,1,0,No,No,0.1708,0,0,Yes,Yes,0.1299,0,0,Yes,Yes,0.1211,1,0,No,No,0.0671,0,0,Yes,Yes,0.0805,1,0,No,No,0.1457,1,0,No,No,0.0585,1,0,No,No,0.0892,0,0,Yes,Yes,0.0578,0,0,Yes,Yes,0.134,1,0,No,No,0.1979,1,0,No,No,0.0606,1,0,No,No,0.0666,0,0,Yes,Yes,0.1783,1,0,No,No,0.0646,0,0,Yes,Yes,0.0577,1,0,No,No,0.0641,0,0,Yes,Yes,0.0639,0,0,Yes,Yes,0.1339,0,0,Yes,Yes,0.0665,0,0,Yes,Yes,0.0677,0,0,Yes,Yes,0.0615,0,0,Yes,Yes,0.0663,1,0,No,No,0.1216,1,0,No,No,0.0839,19,18,0.11901621621621622
Low,18,0,1,No,No,0.2102,0,1,No,No,0.1438,0,1,No,No,0.2812,0,1,No,No,0.1943,0,1,No,No,0.4112,0,1,No,No,0.1728,0,1,No,No,0.144,0,1,No,No,0.1305,0,1,No,No,0.1034,0,1,No,No,0.0853,0,1,No,No,0.1274,1,1,Yes,Yes,0.1331,0,1,No,No,0.1462,0,1,No,No,0.1293,0,1,No,No,0.2256,0,1,No,No,0.0955,0,1,No,No,0.1386,0,1,No,No,0.1919,0,1,No,No,0.0911,0,1,No,No,0.0579,0,1,No,No,0.0851,0,1,No,No,0.1674,0,1,No,No,0.1376,0,1,No,No,0.1284,0,1,No,No,0.0888,0,1,No,No,0.1163,0,1,No,No,0.0909,0,1,No,No,0.1268,0,1,No,No,0.0964,0,1,No,No,0.1318,0,1,No,No,0.1325,0,1,No,No,0.1516,0,1,No,No,0.1324,0,1,No,No,0.0872,0,1,No,No,0.129,0,1,No,No,0.1211,1,1,Yes,Yes,0.0592,2,35,0.14042702702702706
Low,19,1,0,No,No,0.1642,1,0,No,No,0.16,1,0,No,No,0.3108,1,0,No,No,0.1298,1,0,No,No,0.3876,1,0,No,No,0.2562,1,0,No,No,0.2585,1,0,No,No,0.2831,1,0,No,No,0.0605,1,0,No,No,0.1828,1,0,No,No,0.2591,1,0,No,No,0.2159,1,0,No,No,0.2868,1,0,No,No,0.1238,0,0,Yes,Yes,0.1934,1,0,No,No,0.2033,1,0,No,No,0.1956,1,0,No,No,0.2088,1,0,No,No,0.0957,1,0,No,No,0.0923,1,0,No,No,0.1889,0,0,Yes,Yes,0.2006,1,0,No,No,0.2602,1,0,No,No,0.2091,1,0,No,No,0.1614,1,0,No,No,0.1999,1,0,No,No,0.1921,1,0,No,No,0.2851,1,0,No,No,0.2839,1,0,No,No,0.1838,1,0,No,No,0.1599,1,0,No,No,0.2051,0,0,Yes,Yes,0.1955,0,0,Yes,Yes,0.2011,1,0,No,No,0.1251,1,0,No,No,0.3026,1,0,No,No,0.092,4,33,0.20309459459459459
Low,20,1,1,Yes,Yes,0.1244,0,1,No,No,0.1263,0,1,No,No,0.1478,0,1,No,No,0.2168,1,1,Yes,Yes,0.2005,0,1,No,No,0.2101,0,1,No,No,0.2572,0,1,No,No,0.2999,0,1,No,No,0.0616,0,1,No,No,0.2337,1,1,Yes,Yes,0.2131,1,1,Yes,Yes,0.1667,1,1,Yes,Yes,0.3016,0,1,No,No,0.2595,1,1,Yes,Yes,0.3424,0,1,No,No,0.172,1,1,Yes,Yes,0.184,0,1,No,No,0.2136,0,1,No,No,0.178,0,1,No,No,0.125,1,1,Yes,Yes,0.1468,0,1,No,No,0.1721,0,1,No,No,0.2983,0,1,No,No,0.1295,1,1,Yes,Yes,0.1804,1,1,Yes,Yes,0.1956,1,1,Yes,Yes,0.1167,0,1,No,No,0.2524,0,1,No,No,0.1796,1,1,Yes,Yes,0.1509,0,1,No,No,0.2026,1,1,Yes,Yes,0.1966,0,1,No,No,0.1788,0,1,No,No,0.2756,0,1,No,No,0.1874,1,1,Yes,Yes,0.2129,1,1,Yes,Yes,0.1342,15,22,0.1958
Low,21,1,1,Yes,Yes,0.116,1,1,Yes,Yes,0.1194,1,1,Yes,Yes,0.1232,0,1,No,No,0.0977,1,1,Yes,Yes,0.3426,0,1,No,No,0.1344,1,1,Yes,Yes,0.1463,0,1,No,No,0.1387,1,1,Yes,Yes,0.0636,0,1,No,No,0.2309,1,1,Yes,Yes,0.1677,1,1,Yes,Yes,0.095,1,1,Yes,Yes,0.2869,1,1,Yes,Yes,0.1334,1,1,Yes,Yes,0.2882,1,1,Yes,Yes,0.2293,1,1,Yes,Yes,0.1624,0,1,No,No,0.2947,0,1,No,No,0.1723,1,1,Yes,Yes,0.1913,1,1,Yes,Yes,0.125,0,1,No,No,0.1532,1,1,Yes,Yes,0.409,0,1,No,No,0.1886,1,1,Yes,Yes,0.1627,1,1,Yes,Yes,0.14,1,1,Yes,Yes,0.1908,1,1,Yes,Yes,0.1651,1,1,Yes,Yes,0.1469,1,1,Yes,Yes,0.1997,0,1,No,No,0.1668,1,1,Yes,Yes,0.123,1,1,Yes,Yes,0.1741,0,1,No,No,0.2129,1,1,Yes,Yes,0.2088,1,1,Yes,Yes,0.3238,1,1,Yes,Yes,0.189,27,10,0.18414594594594597
Low,22,0,1,No,No,0.0595,0,1,No,No,0.1548,0,1,No,No,0.153,0,1,No,No,0.1635,1,1,Yes,Yes,0.0923,0,1,No,No,0.1628,1,1,Yes,Yes,0.139,0,1,No,No,0.1436,1,1,Yes,Yes,0.0617,0,1,No,No,0.3217,1,1,Yes,Yes,0.0902,1,1,Yes,Yes,0.1256,1,1,Yes,Yes,0.1645,0,1,No,No,0.1188,1,1,Yes,Yes,0.2137,0,1,No,No,0.1341,0,1,No,No,0.1241,0,1,No,No,0.2796,0,1,No,No,0.1404,0,1,No,No,0.1584,0,1,No,No,0.1885,0,1,No,No,0.1239,0,1,No,No,0.2112,0,1,No,No,0.1287,0,1,No,No,0.1218,1,1,Yes,Yes,0.1279,0,1,No,No,0.1319,0,1,No,No,0.1757,0,1,No,No,0.0847,0,1,No,No,0.1299,0,1,No,No,0.1248,0,1,No,No,0.126,0,1,No,No,0.0872,0,1,No,No,0.1996,0,1,No,No,0.1459,1,1,Yes,Yes,0.1867,1,1,Yes,Yes,0.1798,10,27,0.1479864864864865
Low,23,0,0,Yes,Yes,0.1265,1,0,No,No,0.1386,0,0,Yes,Yes,0.0912,0,0,Yes,Yes,0.1429,1,0,No,No,0.2283,0,0,Yes,Yes,0.0874,0,0,Yes,Yes,0.1447,0,0,Yes,Yes,0.118,0,0,Yes,Yes,0.1275,0,0,Yes,Yes,0.1346,1,0,No,No,0.0935,1,0,No,No,0.16,1,0,No,No,0.1344,0,0,Yes,Yes,0.1046,1,0,No,No,0.2239,0,0,Yes,Yes,0.129,1,0,No,No,0.1245,0,0,Yes,Yes,0.3248,1,0,No,No,0.1699,1,0,No,No,0.1583,0,0,Yes,Yes,0.1521,0,0,Yes,Yes,0.1774,1,0,No,No,0.3044,0,0,Yes,Yes,0.1116,1,0,No,No,0.1668,0,0,Yes,Yes,0.2639,1,0,No,No,0.1243,0,0,Yes,Yes,0.2254,0,0,Yes,Yes,0.1239,1,0,No,No,0.1257,0,0,Yes,Yes,0.1002,0,0,Yes,Yes,0.1488,1,0,No,No,0.1287,0,0,Yes,Yes,0.126,0,0,Yes,Yes,0.1302,1,0,No,No,0.3404,1,0,No,No,0.197,21,16,0.1597135135135135
Low,24,1,0,No,No,0.1281,1,0,No,No,0.2164,1,0,No,No,0.1567,1,0,No,No,0.2561,1,0,No,No,0.1431,1,0,No,No,0.1438,1,0,No,No,0.0869,1,0,No,No,0.0818,1,0,No,No,0.0594,0,0,Yes,Yes,0.1045,1,0,No,No,0.0679,1,0,No,No,0.1968,1,0,No,No,0.2107,1,0,No,No,0.063,1,0,No,No,0.1115,0,0,Yes,Yes,0.0653,1,0,No,No,0.0663,1,0,No,No,0.0864,1,0,No,No,0.1286,0,0,Yes,Yes,0.0836,1,0,No,No,0.0632,0,0,Yes,Yes,0.0796,1,0,No,No,0.1385,1,0,No,No,0.0625,1,0,No,No,0.0586,1,0,No,No,0.0601,1,0,No,No,0.0991,1,0,No,No,0.1218,1,0,No,No,0.0641,1,0,No,No,0.0601,1,0,No,No,0.1394,1,0,No,No,0.0572,1,0,No,No,0.0651,0,0,Yes,Yes,0.1432,1,0,No,No,0.1389,1,0,No,No,0.1286,1,0,No,No,0.1922,5,32,0.11159729729729731
Low,25,0,0,Yes,Yes,0.145,1,0,No,No,0.1006,1,0,No,No,0.1443,0,0,Yes,Yes,0.1199,1,0,No,No,0.1384,1,0,No,No,0.1382,0,0,Yes,Yes,0.1444,0,0,Yes,Yes,0.1341,0,0,Yes,Yes,0.0635,0,0,Yes,Yes,0.2715,1,0,No,No,0.1345,1,0,No,No,0.1944,1,0,No,No,0.1513,0,0,Yes,Yes,0.1311,0,0,Yes,Yes,0.1196,1,0,No,No,0.0984,0,0,Yes,Yes,0.1514,1,0,No,No,0.1779,1,0,No,No,0.2014,1,0,No,No,0.2851,0,0,Yes,Yes,0.1257,0,0,Yes,Yes,0.1276,1,0,No,No,0.1636,0,0,Yes,Yes,0.1299,1,0,No,No,0.1234,0,0,Yes,Yes,0.0875,1,0,No,No,0.2032,0,0,Yes,Yes,0.1364,1,0,No,No,0.0882,1,0,No,No,0.1313,0,0,Yes,Yes,0.177,0,0,Yes,Yes,0.1401,0,0,Yes,Yes,0.131,0,0,Yes,Yes,0.18,0,0,Yes,Yes,0.1183,1,0,No,No,0.2039,1,0,No,No,0.1874,19,18,0.14863513513513515
Low,26,1,1,Yes,Yes,0.0631,0,1,No,No,0.1221,0,1,No,No,0.1941,0,1,No,No,0.0906,0,1,No,No,0.0862,0,1,No,No,0.1715,0,1,No,No,0.1369,0,1,No,No,0.1278,0,1,No,No,0.0672,0,1,No,No,0.2247,0,1,No,No,0.1243,1,1,Yes,Yes,0.1332,0,1,No,No,0.0878,0,1,No,No,0.1235,0,1,No,No,0.2357,0,1,No,No,0.1282,0,1,No,No,0.127,0,1,No,No,0.1928,0,1,No,No,0.0806,0,1,No,No,0.2115,0,1,No,No,0.1276,0,1,No,No,0.1329,0,1,No,No,0.2382,0,1,No,No,0.1266,0,1,No,No,0.1226,0,1,No,No,0.0876,0,1,No,No,0.1265,0,1,No,No,0.1747,0,1,No,No,0.1202,0,1,No,No,0.1237,0,1,No,No,0.1274,1,1,Yes,Yes,0.1254,0,1,No,No,0.1262,0,1,No,No,0.1789,0,1,No,No,0.129,1,1,Yes,Yes,0.1615,1,1,Yes,Yes,0.0633,5,32,0.13570540540540538
Low,27,1,1,Yes,Yes,0.0679,1,1,Yes,Yes,0.1523,1,1,Yes,Yes,0.1041,1,1,Yes,Yes,0.1467,1,1,Yes,Yes,0.1151,0,1,No,No,0.0836,1,1,Yes,Yes,0.2037,0,1,No,No,0.2297,1,1,Yes,Yes,0.0569,0,1,No,No,0.2831,1,1,Yes,Yes,0.1844,1,1,Yes,Yes,0.0843,1,1,Yes,Yes,0.1278,1,1,Yes,Yes,0.1095,1,1,Yes,Yes,0.278,0,1,No,No,0.1668,1,1,Yes,Yes,0.1257,1,1,Yes,Yes,0.2447,0,1,No,No,0.0628,0,1,No,No,0.1417,1,1,Yes,Yes,0.119,0,1,No,No,0.1465,0,1,No,No,0.2821,0,1,No,No,0.1234,1,1,Yes,Yes,0.1212,1,1,Yes,Yes,0.1982,1,1,Yes,Yes,0.0667,0,1,No,No,0.3024,1,1,Yes,Yes,0.1367,1,1,Yes,Yes,0.1369,1,1,Yes,Yes,0.1258,1,1,Yes,Yes,0.1338,1,1,Yes,Yes,0.1173,0,1,No,No,0.2918,1,1,Yes,Yes,0.0812,1,1,Yes,Yes,0.1972,1,1,Yes,Yes,0.1285,26,11,0.15344594594594596
Low,28,0,0,Yes,Yes,0.1248,1,0,No,No,0.1155,1,0,No,No,0.0913,0,0,Yes,Yes,0.1426,1,0,No,No,0.137,0,0,Yes,Yes,0.1164,0,0,Yes,Yes,0.0873,0,0,Yes,Yes,0.0879,0,0,Yes,Yes,0.0709,0,0,Yes,Yes,0.1359,1,0,No,No,0.1536,1,0,No,No,0.0599,1,0,No,No,0.0783,0,0,Yes,Yes,0.059,0,0,Yes,Yes,0.1287,0,0,Yes,Yes,0.0679,1,0,No,No,0.0683,0,0,Yes,Yes,0.0933,0,0,Yes,Yes,0.1334,0,0,Yes,Yes,0.1972,0,0,Yes,Yes,0.0651,0,0,Yes,Yes,0.0641,0,0,Yes,Yes,0.1067,0,0,Yes,Yes,0.067,1,0,No,No,0.0596,1,0,No,No,0.0646,1,0,No,No,0.0881,0,0,Yes,Yes,0.1278,0,0,Yes,Yes,0.0652,1,0,No,No,0.065,0,0,Yes,Yes,0.0765,0,0,Yes,Yes,0.0672,0,0,Yes,Yes,0.0716,0,0,Yes,Yes,0.1268,0,0,Yes,Yes,0.0948,1,0,No,No,0.164,1,0,No,No,0.0777,24,13,0.09732432432432434
Low,29,1,1,Yes,Yes,0.0691,1,1,Yes,Yes,0.1357,1,1,Yes,Yes,0.1438,1,1,Yes,Yes,0.132,1,1,Yes,Yes,0.1273,1,1,Yes,Yes,0.1384,1,1,Yes,Yes,0.1132,0,1,No,No,0.0994,1,1,Yes,Yes,0.0686,1,1,Yes,Yes,0.1188,1,1,Yes,Yes,0.1269,1,1,Yes,Yes,0.0637,1,1,Yes,Yes,0.0636,1,1,Yes,Yes,0.0556,1,1,Yes,Yes,0.1249,1,1,Yes,Yes,0.0632,1,1,Yes,Yes,0.0671,1,1,Yes,Yes,0.1254,1,1,Yes,Yes,0.0802,1,1,Yes,Yes,0.1914,1,1,Yes,Yes,0.0737,1,1,Yes,Yes,0.0619,1,1,Yes,Yes,0.1321,1,1,Yes,Yes,0.0652,1,1,Yes,Yes,0.0618,1,1,Yes,Yes,0.0643,1,1,Yes,Yes,0.1224,1,1,Yes,Yes,0.0821,1,1,Yes,Yes,0.0589,1,1,Yes,Yes,0.0628,1,1,Yes,Yes,0.0645,1,1,Yes,Yes,0.0676,1,1,Yes,Yes,0.0619,1,1,Yes,Yes,0.1241,1,1,Yes,Yes,0.1326,1,1,Yes,Yes,0.1308,1,1,Yes,Yes,0.0606,36,1,0.09555675675675673
Low,30,0,0,Yes,Yes,0.0632,1,0,No,No,0.0981,1,0,No,No,0.1274,0,0,Yes,Yes,0.0885,1,0,No,No,0.116,0,0,Yes,Yes,0.1002,0,0,Yes,Yes,0.138,0,0,Yes,Yes,0.1408,0,0,Yes,Yes,0.0677,0,0,Yes,Yes,0.1782,1,0,No,No,0.2107,1,0,No,No,0.0584,1,0,No,No,0.0637,0,0,Yes,Yes,0.1224,0,0,Yes,Yes,0.1864,0,0,Yes,Yes,0.1326,1,0,No,No,0.1342,0,0,Yes,Yes,0.1563,0,0,Yes,Yes,0.0652,0,0,Yes,Yes,0.1431,0,0,Yes,Yes,0.0824,0,0,Yes,Yes,0.0855,0,0,Yes,Yes,0.2079,0,0,Yes,Yes,0.1492,1,0,No,No,0.1277,0,0,Yes,Yes,0.1298,1,0,No,No,0.0711,0,0,Yes,Yes,0.1928,0,0,Yes,Yes,0.13,1,0,No,No,0.1294,0,0,Yes,Yes,0.0565,0,0,Yes,Yes,0.0888,0,0,Yes,Yes,0.1269,0,0,Yes,Yes,0.1284,0,0,Yes,Yes,0.0591,1,0,No,No,0.1589,1,0,No,No,0.062,25,12,0.1183108108108108
Low,31,0,1,No,No,0.0611,0,1,No,No,0.0983,0,1,No,No,0.0921,0,1,No,No,0.0874,0,1,No,No,0.1265,0,1,No,No,0.1271,0,1,No,No,0.1028,0,1,No,No,0.1435,0,1,No,No,0.0628,0,1,No,No,0.1811,0,1,No,No,0.2091,1,1,Yes,Yes,0.131,0,1,No,No,0.0567,0,1,No,No,0.0739,0,1,No,No,0.1402,0,1,No,No,0.0859,0,1,No,No,0.0786,0,1,No,No,0.1879,0,1,No,No,0.0675,0,1,No,No,0.1247,0,1,No,No,0.1218,0,1,No,No,0.0821,0,1,No,No,0.2011,0,1,No,No,0.0734,0,1,No,No,0.0744,0,1,No,No,0.0778,0,1,No,No,0.0684,0,1,No,No,0.2037,0,1,No,No,0.083,0,1,No,No,0.0689,0,1,No,No,0.0561,0,1,No,No,0.1265,0,1,No,No,0.1181,0,1,No,No,0.2882,0,1,No,No,0.059,0,1,No,No,0.145,1,1,Yes,Yes,0.0559,2,35,0.11193513513513512
Low,32,0,0,Yes,Yes,0.06,0,0,Yes,Yes,0.137,0,0,Yes,Yes,0.1183,0,0,Yes,Yes,0.1398,1,0,No,No,0.0827,0,0,Yes,Yes,0.1128,0,0,Yes,Yes,0.1157,0,0,Yes,Yes,0.0868,1,0,No,No,0.0657,0,0,Yes,Yes,0.1207,0,0,Yes,Yes,0.0845,0,0,Yes,Yes,0.0734,1,0,No,No,0.1382,0,0,Yes,Yes,0.0554,0,0,Yes,Yes,0.1328,0,0,Yes,Yes,0.0637,0,0,Yes,Yes,0.0582,1,0,No,No,0.0641,1,0,No,No,0.0691,0,0,Yes,Yes,0.194,0,0,Yes,Yes,0.0687,0,0,Yes,Yes,0.0609,0,0,Yes,Yes,0.1315,1,0,No,No,0.064,0,0,Yes,Yes,0.0639,0,0,Yes,Yes,0.0573,1,0,No,No,0.0601,0,0,Yes,Yes,0.0876,0,0,Yes,Yes,0.0626,0,0,Yes,Yes,0.0687,0,0,Yes,Yes,0.1258,0,0,Yes,Yes,0.0638,0,0,Yes,Yes,0.0689,0,0,Yes,Yes,0.1461,0,0,Yes,Yes,0.0658,0,0,Yes,Yes,0.0784,1,0,No,No,0.1276,29,8,0.09120540540540542
Low,33,1,0,No,No,0.0906,1,0,No,No,0.1185,1,0,No,No,0.1175,1,0,No,No,0.1189,1,0,No,No,0.1402,1,0,No,No,0.0821,1,0,No,No,0.0856,0,0,Yes,Yes,0.0965,1,0,No,No,0.1052,1,0,No,No,0.0956,1,0,No,No,0.0871,1,0,No,No,0.0569,1,0,No,No,0.0871,1,0,No,No,0.0638,1,0,No,No,0.1266,1,0,No,No,0.0589,1,0,No,No,0.0556,1,0,No,No,0.0634,1,0,No,No,0.1363,1,0,No,No,0.1772,1,0,No,No,0.0573,1,0,No,No,0.0654,1,0,No,No,0.1267,0,0,Yes,Yes,0.0657,1,0,No,No,0.0627,1,0,No,No,0.0627,1,0,No,No,0.1289,1,0,No,No,0.1236,1,0,No,No,0.0574,1,0,No,No,0.0625,1,0,No,No,0.1265,0,0,Yes,Yes,0.0587,1,0,No,No,0.0615,0,0,Yes,Yes,0.1244,1,0,No,No,0.0996,1,0,No,No,0.0687,1,0,No,No,0.0824,4,33,0.09184594594594596
Low,34,1,1,Yes,Yes,0.1232,1,1,Yes,Yes,0.1165,1,1,Yes,Yes,0.1465,0,1,No,No,0.092,1,1,Yes,Yes,0.1091,1,1,Yes,Yes,0.123,1,1,Yes,Yes,0.1166,1,1,Yes,Yes,0.0864,1,1,Yes,Yes,0.0698,1,1,Yes,Yes,0.1247,1,1,Yes,Yes,0.0781,1,1,Yes,Yes,0.0754,1,1,Yes,Yes,0.0572,1,1,Yes,Yes,0.0628,1,1,Yes,Yes,0.0887,1,1,Yes,Yes,0.0676,1,1,Yes,Yes,0.0629,1,1,Yes,Yes,0.0626,1,1,Yes,Yes,0.0805,1,1,Yes,Yes,0.1189,1,1,Yes,Yes,0.0626,0,1,No,No,0.0606,1,1,Yes,Yes,0.0917,1,1,Yes,Yes,0.0597,1,1,Yes,Yes,0.0695,1,1,Yes,Yes,0.0723,1,1,Yes,Yes,0.0845,1,1,Yes,Yes,0.1234,1,1,Yes,Yes,0.0599,1,1,Yes,Yes,0.063,0,1,No,No,0.0644,1,1,Yes,Yes,0.063,1,1,Yes,Yes,0.0657,0,1,No,No,0.0998,1,1,Yes,Yes,0.1244,1,1,Yes,Yes,0.0605,1,1,Yes,Yes,0.059,33,4,0.08504054054054055
Low,35,1,0,No,No,0.0626,1,0,No,No,0.0908,1,0,No,No,0.1144,1,0,No,No,0.1206,1,0,No,No,0.0813,1,0,No,No,0.132,1,0,No,No,0.1447,1,0,No,No,0.1433,1,0,No,No,0.0701,1,0,No,No,0.1764,1,0,No,No,0.1956,1,0,No,No,0.0557,1,0,No,No,0.0616,1,0,No,No,0.1313,1,0,No,No,0.1637,1,0,No,No,0.1296,1,0,No,No,0.1251,1,0,No,No,0.128,1,0,No,No,0.061,1,0,No,No,0.1222,1,0,No,No,0.089,1,0,No,No,0.1307,1,0,No,No,0.2572,1,0,No,No,0.1697,1,0,No,No,0.1223,1,0,No,No,0.1256,1,0,No,No,0.0554,1,0,No,No,0.2048,1,0,No,No,0.1282,1,0,No,No,0.1301,1,0,No,No,0.0594,1,0,No,No,0.0883,1,0,No,No,0.1282,0,0,Yes,Yes,0.1974,1,0,No,No,0.0648,1,0,No,No,0.0919,1,0,No,No,0.0689,1,36,0.11951081081081083
Low,36,1,1,Yes,Yes,0.0559,1,1,Yes,Yes,0.1172,1,1,Yes,Yes,0.1208,0,1,No,No,0.0897,1,1,Yes,Yes,0.0858,0,1,No,No,0.0795,1,1,Yes,Yes,0.127,0,1,No,No,0.1374,1,1,Yes,Yes,0.0646,1,1,Yes,Yes,0.1663,1,1,Yes,Yes,0.1816,1,1,Yes,Yes,0.0601,1,1,Yes,Yes,0.058,1,1,Yes,Yes,0.0763,1,1,Yes,Yes,0.175,1,1,Yes,Yes,0.0841,1,1,Yes,Yes,0.0918,0,1,No,No,0.0843,0,1,No,No,0.0617,1,1,Yes,Yes,0.123,1,1,Yes,Yes,0.1211,0,1,No,No,0.0825,1,1,Yes,Yes,0.1282,0,1,No,No,0.1525,1,1,Yes,Yes,0.0813,1,1,Yes,Yes,0.0789,1,1,Yes,Yes,0.0565,1,1,Yes,Yes,0.1831,1,1,Yes,Yes,0.0783,1,1,Yes,Yes,0.0812,0,1,No,No,0.0575,1,1,Yes,Yes,0.1428,1,1,Yes,Yes,0.0837,1,1,Yes,Yes,0.1711,1,1,Yes,Yes,0.059,1,1,Yes,Yes,0.1222,1,1,Yes,Yes,0.0607,29,8,0.10218108108108112
Low,37,1,1,Yes,Yes,0.105,0,1,No,No,0.1016,0,1,No,No,0.1429,0,1,No,No,0.1149,1,1,Yes,Yes,0.0806,0,1,No,No,0.1095,0,1,No,No,0.1108,0,1,No,No,0.0825,0,1,No,No,0.0761,0,1,No,No,0.126,1,1,Yes,Yes,0.1245,1,1,Yes,Yes,0.0555,1,1,Yes,Yes,0.0561,0,1,No,No,0.0541,1,1,Yes,Yes,0.0639,0,1,No,No,0.0643,1,1,Yes,Yes,0.0561,0,1,No,No,0.0608,0,1,No,No,0.1055,0,1,No,No,0.0873,1,1,Yes,Yes,0.0581,0,1,No,No,0.0639,0,1,No,No,0.13,0,1,No,No,0.124,1,1,Yes,Yes,0.055,1,1,Yes,Yes,0.0617,1,1,Yes,Yes,0.0572,0,1,No,No,0.128,0,1,No,No,0.0576,1,1,Yes,Yes,0.0574,0,1,No,No,0.0596,1,1,Yes,Yes,0.0585,1,1,Yes,Yes,0.0572,0,1,No,No,0.1238,0,1,No,No,0.0734,1,1,Yes,Yes,0.0599,1,1,Yes,Yes,0.0588,16,21,0.08275945945945948
Low,38,1,1,Yes,Yes,0.0635,0,1,No,No,0.1129,0,1,No,No,0.2311,0,1,No,No,0.126,0,1,No,No,0.0833,0,1,No,No,0.1128,0,1,No,No,0.082,0,1,No,No,0.1127,0,1,No,No,0.0562,0,1,No,No,0.1291,1,1,Yes,Yes,0.1215,1,1,Yes,Yes,0.0631,1,1,Yes,Yes,0.0683,0,1,No,No,0.0605,0,1,No,No,0.0812,0,1,No,No,0.0593,0,1,No,No,0.0597,0,1,No,No,0.0573,0,1,No,No,0.1242,0,1,No,No,0.0819,0,1,No,No,0.0592,0,1,No,No,0.0566,0,1,No,No,0.1289,0,1,No,No,0.1187,0,1,No,No,0.0556,0,1,No,No,0.0637,1,1,Yes,Yes,0.0536,0,1,No,No,0.0942,0,1,No,No,0.0637,0,1,No,No,0.0554,0,1,No,No,0.0564,1,1,Yes,Yes,0.057,0,1,No,No,0.0573,0,1,No,No,0.1335,0,1,No,No,0.0595,1,1,Yes,Yes,0.0612,1,1,Yes,Yes,0.0626,8,29,0.08442432432432431
Low,39,0,1,No,No,0.0559,0,1,No,No,0.0921,0,1,No,No,0.1362,0,1,No,No,0.0896,0,1,No,No,0.0837,0,1,No,No,0.079,0,1,No,No,0.0882,0,1,No,No,0.1221,0,1,No,No,0.0618,0,1,No,No,0.0959,0,1,No,No,0.118,1,1,Yes,Yes,0.0574,0,1,No,No,0.0668,0,1,No,No,0.0559,0,1,No,No,0.0626,0,1,No,No,0.058,0,1,No,No,0.0579,0,1,No,No,0.0575,0,1,No,No,0.0899,0,1,No,No,0.1201,0,1,No,No,0.0614,0,1,No,No,0.0549,0,1,No,No,0.1294,0,1,No,No,0.1187,0,1,No,No,0.0558,0,1,No,No,0.0561,0,1,No,No,0.0554,0,1,No,No,0.125,0,1,No,No,0.0593,0,1,No,No,0.0639,0,1,No,No,0.0574,0,1,No,No,0.0644,0,1,No,No,0.0577,0,1,No,No,0.0933,0,1,No,No,0.063,0,1,No,No,0.0579,0,1,No,No,0.0602,1,36,0.0779027027027027
Low,40,0,0,Yes,Yes,0.0581,1,0,No,No,0.0976,1,0,No,No,0.1389,0,0,Yes,Yes,0.1142,1,0,No,No,0.1131,0,0,Yes,Yes,0.0854,1,0,No,No,0.0812,0,0,Yes,Yes,0.085,0,0,Yes,Yes,0.0634,0,0,Yes,Yes,0.0582,1,0,No,No,0.1255,1,0,No,No,0.0553,1,0,No,No,0.0692,0,0,Yes,Yes,0.0552,0,0,Yes,Yes,0.0637,0,0,Yes,Yes,0.0586,1,0,No,No,0.0613,0,0,Yes,Yes,0.0629,0,0,Yes,Yes,0.128,1,0,No,No,0.1233,1,0,No,No,0.0559,0,0,Yes,Yes,0.0613,1,0,No,No,0.1256,0,0,Yes,Yes,0.1332,1,0,No,No,0.0631,1,0,No,No,0.0614,1,0,No,No,0.0559,0,0,Yes,Yes,0.0738,1,0,No,No,0.0547,1,0,No,No,0.0558,0,0,Yes,Yes,0.0567,0,0,Yes,Yes,0.0612,0,0,Yes,Yes,0.0661,0,0,Yes,Yes,0.1265,0,0,Yes,Yes,0.0576,1,0,No,No,0.0613,1,0,No,No,0.0634,19,18,0.07923243243243241
Average,,,,23,17,0.14055999999999996,,,11,29,0.19203,,,11,29,0.15333999999999998,,,13,27,0.14724749999999998,,,12,28,0.17940249999999996,,,13,27,0.15766749999999996,,,15,25,0.22883000000000003,,,11,29,0.15881750000000003,,,13,27,0.10655249999999998,,,14,26,0.15575000000000003,,,16,24,0.14575000000000002,,,21,19,0.14675500000000002,,,14,26,0.153935,,,14,26,0.14223750000000002,,,21,19,0.151305,,,13,27,0.1217025,,,14,26,0.221325,,,10,30,0.14926,,,8,32,0.12428750000000002,,,11,29,0.14418000000000003,,,18,22,0.11583749999999997,,,14,26,0.17343250000000002,,,10,30,0.20151750000000002,,,12,28,0.12804,,,12,28,0.12394499999999997,,,21,19,0.14989500000000006,,,15,25,0.11793999999999996,,,14,26,0.15321749999999995,,,12,28,0.11834499999999999,,,15,25,0.1185875,,,14,26,0.13652499999999998,,,24,16,0.12097750000000003,,,20,20,0.12206499999999995,,,20,20,0.154995,,,15,25,0.12156750000000001,,,18,22,0.15699,,,18,22,0.11945999999999998,550,930,0.14741277027027028
Mid,1,0,0,Yes,Yes,0.1307,0,0,Yes,Yes,0.2799,0,0,Yes,Yes,0.2058,0,0,Yes,Yes,0.2324,0,0,Yes,Yes,0.3011,0,0,Yes,Yes,0.4677,0,0,Yes,Yes,0.4192,0,0,Yes,Yes,0.4743,0,0,Yes,Yes,0.7581,0,0,Yes,Yes,1.4078,0,0,Yes,Yes,1.3977,0,0,Yes,Yes,1.329,0,0,Yes,Yes,1.3346,0,0,Yes,Yes,1.3652,0,0,Yes,Yes,0.7654,0,0,Yes,Yes,0.6815,0,0,Yes,Yes,0.7544,0,0,Yes,Yes,1.3296,0,0,Yes,Yes,1.4398,0,0,Yes,Yes,0.7575,0,0,Yes,Yes,0.6898,0,0,Yes,Yes,1.4071,0,0,Yes,Yes,1.458,0,0,Yes,Yes,0.7556,0,0,Yes,Yes,0.7888,0,0,Yes,Yes,0.7573,0,0,Yes,Yes,1.3644,0,0,Yes,Yes,1.3982,0,0,Yes,Yes,1.3838,0,0,Yes,Yes,0.7724,0,0,Yes,Yes,1.4018,0,0,Yes,Yes,1.4162,0,0,Yes,Yes,0.697,0,0,Yes,Yes,1.3596,0,0,Yes,Yes,0.6798,0,0,Yes,Yes,0.6948,0,0,Yes,Yes,1.3779,37,0,0.9252486486486485
Mid,2,0,0,Yes,Yes,0.1863,0,0,Yes,Yes,0.2882,0,0,Yes,Yes,0.2666,0,0,Yes,Yes,0.2336,0,0,Yes,Yes,0.2237,0,0,Yes,Yes,0.2943,0,0,Yes,Yes,0.3228,0,0,Yes,Yes,0.2734,0,0,Yes,Yes,0.1249,0,0,Yes,Yes,0.1429,0,0,Yes,Yes,0.1299,0,0,Yes,Yes,0.1266,0,0,Yes,Yes,0.1486,0,0,Yes,Yes,0.0872,0,0,Yes,Yes,0.1301,0,0,Yes,Yes,0.1329,0,0,Yes,Yes,0.1254,0,0,Yes,Yes,0.1291,0,0,Yes,Yes,0.1298,0,0,Yes,Yes,0.1444,0,0,Yes,Yes,0.1249,0,0,Yes,Yes,0.13,0,0,Yes,Yes,0.1344,0,0,Yes,Yes,0.14,0,0,Yes,Yes,0.127,0,0,Yes,Yes,0.1296,0,0,Yes,Yes,0.1278,0,0,Yes,Yes,0.1329,0,0,Yes,Yes,0.1345,0,0,Yes,Yes,0.1307,0,0,Yes,Yes,0.1287,0,0,Yes,Yes,0.1445,0,0,Yes,Yes,0.1388,0,0,Yes,Yes,0.1349,0,0,Yes,Yes,0.1267,0,0,Yes,Yes,0.1372,0,0,Yes,Yes,0.1401,37,0,0.15955135135135134
Mid,3,0,0,Yes,Yes,0.2834,0,0,Yes,Yes,0.3338,0,0,Yes,Yes,0.3176,0,0,Yes,Yes,0.2629,0,0,Yes,Yes,0.3052,0,0,Yes,Yes,0.269,0,0,Yes,Yes,0.2633,0,0,Yes,Yes,0.2005,0,0,Yes,Yes,0.2034,0,0,Yes,Yes,0.1288,0,0,Yes,Yes,0.0919,0,0,Yes,Yes,0.0809,0,0,Yes,Yes,0.0845,0,0,Yes,Yes,0.1253,0,0,Yes,Yes,0.1288,0,0,Yes,Yes,0.1815,0,0,Yes,Yes,0.1297,0,0,Yes,Yes,0.0835,0,0,Yes,Yes,0.1439,0,0,Yes,Yes,0.0758,0,0,Yes,Yes,0.2019,0,0,Yes,Yes,0.0875,0,0,Yes,Yes,0.108,0,0,Yes,Yes,0.1917,0,0,Yes,Yes,0.1567,0,0,Yes,Yes,0.1982,0,0,Yes,Yes,0.0824,0,0,Yes,Yes,0.0874,0,0,Yes,Yes,0.0805,0,0,Yes,Yes,0.2412,0,0,Yes,Yes,0.0856,0,0,Yes,Yes,0.3279,0,0,Yes,Yes,0.3153,0,0,Yes,Yes,0.1418,0,0,Yes,Yes,0.1963,0,0,Yes,Yes,0.1708,0,0,Yes,Yes,0.1269,37,0,0.17550810810810807
Mid,4,0,0,Yes,Yes,0.0897,0,0,Yes,Yes,0.156,0,0,Yes,Yes,0.1256,0,0,Yes,Yes,0.222,0,0,Yes,Yes,0.1095,0,0,Yes,Yes,0.1389,0,0,Yes,Yes,0.1164,0,0,Yes,Yes,0.2481,0,0,Yes,Yes,0.0883,0,0,Yes,Yes,0.1259,0,0,Yes,Yes,0.13,0,0,Yes,Yes,0.1318,0,0,Yes,Yes,0.1276,0,0,Yes,Yes,0.135,0,0,Yes,Yes,0.0861,0,0,Yes,Yes,0.0896,0,0,Yes,Yes,0.1288,0,0,Yes,Yes,0.1251,0,0,Yes,Yes,0.1216,0,0,Yes,Yes,0.1229,0,0,Yes,Yes,0.0806,0,0,Yes,Yes,0.1282,1,0,No,No,0.1346,0,0,Yes,Yes,0.1362,0,0,Yes,Yes,0.1235,0,0,Yes,Yes,0.0852,0,0,Yes,Yes,0.1246,0,0,Yes,Yes,0.112,0,0,Yes,Yes,0.1241,0,0,Yes,Yes,0.0789,0,0,Yes,Yes,0.1255,0,0,Yes,Yes,0.2234,0,0,Yes,Yes,0.1545,1,0,No,No,0.1291,0,0,Yes,Yes,0.0841,0,0,Yes,Yes,0.1474,0,0,Yes,Yes,0.1292,35,2,0.1281081081081081
Mid,5,1,1,Yes,Yes,0.0666,1,1,Yes,Yes,0.1211,1,1,Yes,Yes,0.0952,1,1,Yes,Yes,0.1013,1,1,Yes,Yes,0.0852,1,1,Yes,Yes,0.0828,1,1,Yes,Yes,0.1183,1,1,Yes,Yes,0.2502,1,1,Yes,Yes,0.1338,1,1,Yes,Yes,0.0613,1,1,Yes,Yes,0.0654,1,1,Yes,Yes,0.0642,1,1,Yes,Yes,0.0667,1,1,Yes,Yes,0.0657,1,1,Yes,Yes,0.0677,1,1,Yes,Yes,0.1163,1,1,Yes,Yes,0.1234,1,1,Yes,Yes,0.0677,1,1,Yes,Yes,0.1259,1,1,Yes,Yes,0.0649,1,1,Yes,Yes,0.1358,1,1,Yes,Yes,0.1092,1,1,Yes,Yes,0.068,1,1,Yes,Yes,0.1267,1,1,Yes,Yes,0.1251,1,1,Yes,Yes,0.1287,1,1,Yes,Yes,0.0645,1,1,Yes,Yes,0.0612,1,1,Yes,Yes,0.0616,1,1,Yes,Yes,0.1255,1,1,Yes,Yes,0.0655,1,1,Yes,Yes,0.1946,1,1,Yes,Yes,0.1593,1,1,Yes,Yes,0.0649,1,1,Yes,Yes,0.1392,1,1,Yes,Yes,0.1297,1,1,Yes,Yes,0.0659,37,0,0.10186756756756758
Mid,6,0,0,Yes,Yes,0.0957,0,0,Yes,Yes,0.0891,0,0,Yes,Yes,0.1456,0,0,Yes,Yes,0.0923,0,0,Yes,Yes,0.1328,0,0,Yes,Yes,0.0829,0,0,Yes,Yes,0.1299,0,0,Yes,Yes,0.1645,0,0,Yes,Yes,0.0644,0,0,Yes,Yes,0.0569,0,0,Yes,Yes,0.1074,0,0,Yes,Yes,0.0666,0,0,Yes,Yes,0.0582,0,0,Yes,Yes,0.0643,0,0,Yes,Yes,0.0583,0,0,Yes,Yes,0.0645,0,0,Yes,Yes,0.0594,0,0,Yes,Yes,0.1106,0,0,Yes,Yes,0.0671,0,0,Yes,Yes,0.062,0,0,Yes,Yes,0.1229,0,0,Yes,Yes,0.131,1,0,No,No,0.0696,0,0,Yes,Yes,0.0676,0,0,Yes,Yes,0.0657,0,0,Yes,Yes,0.0622,0,0,Yes,Yes,0.0638,0,0,Yes,Yes,0.0654,0,0,Yes,Yes,0.062,0,0,Yes,Yes,0.0607,0,0,Yes,Yes,0.0655,0,0,Yes,Yes,0.0793,0,0,Yes,Yes,0.1645,0,0,Yes,Yes,0.0646,0,0,Yes,Yes,0.0669,0,0,Yes,Yes,0.068,0,0,Yes,Yes,0.0649,36,1,0.08424594594594594
Mid,7,0,0,Yes,Yes,0.2136,0,0,Yes,Yes,0.1389,0,0,Yes,Yes,0.3419,0,0,Yes,Yes,0.154,0,0,Yes,Yes,0.2446,0,0,Yes,Yes,0.1426,0,0,Yes,Yes,0.254,0,0,Yes,Yes,0.1173,0,0,Yes,Yes,0.0601,0,0,Yes,Yes,0.1248,0,0,Yes,Yes,0.1296,0,0,Yes,Yes,0.0895,0,0,Yes,Yes,0.0949,0,0,Yes,Yes,0.127,0,0,Yes,Yes,0.0879,0,0,Yes,Yes,0.0617,0,0,Yes,Yes,0.0587,0,0,Yes,Yes,0.1312,0,0,Yes,Yes,0.0582,0,0,Yes,Yes,0.0923,0,0,Yes,Yes,0.128,0,0,Yes,Yes,0.1972,0,0,Yes,Yes,0.0988,0,0,Yes,Yes,0.0649,0,0,Yes,Yes,0.0596,0,0,Yes,Yes,0.0725,0,0,Yes,Yes,0.1284,0,0,Yes,Yes,0.1288,0,0,Yes,Yes,0.0954,0,0,Yes,Yes,0.0626,0,0,Yes,Yes,0.13,0,0,Yes,Yes,0.0876,0,0,Yes,Yes,0.1227,0,0,Yes,Yes,0.1303,0,0,Yes,Yes,0.0601,0,0,Yes,Yes,0.062,0,0,Yes,Yes,0.1244,37,0,0.12097567567567569
Mid,8,0,1,No,No,0.1702,1,1,Yes,Yes,0.3267,1,1,Yes,Yes,0.101,1,1,Yes,Yes,0.1927,0,1,No,No,0.1433,1,1,Yes,Yes,0.2201,1,1,Yes,Yes,0.1586,0,1,No,No,0.1406,1,1,Yes,Yes,0.09,1,1,Yes,Yes,0.2128,1,1,Yes,Yes,0.1392,1,1,Yes,Yes,0.2412,0,1,No,No,0.1252,1,1,Yes,Yes,0.1391,1,1,Yes,Yes,0.1877,1,1,Yes,Yes,0.14,1,1,Yes,Yes,0.1258,1,1,Yes,Yes,0.1321,1,1,Yes,Yes,0.1303,1,1,Yes,Yes,0.1267,1,1,Yes,Yes,0.1328,1,1,Yes,Yes,0.2762,1,1,Yes,Yes,0.1888,1,1,Yes,Yes,0.132,1,1,Yes,Yes,0.1173,1,1,Yes,Yes,0.1325,1,1,Yes,Yes,0.1995,1,1,Yes,Yes,0.1797,1,1,Yes,Yes,0.1975,1,1,Yes,Yes,0.1268,1,1,Yes,Yes,0.1784,1,1,Yes,Yes,0.1927,0,1,No,No,0.1896,1,1,Yes,Yes,0.1254,1,1,Yes,Yes,0.1274,1,1,Yes,Yes,0.0869,1,1,Yes,Yes,0.2011,32,5,0.16291621621621627
Mid,9,1,0,No,No,0.0651,1,0,No,No,0.1441,1,0,No,No,0.1049,1,0,No,No,0.3074,1,0,No,No,0.1156,1,0,No,No,0.2087,1,0,No,No,0.0926,1,0,No,No,0.1063,1,0,No,No,0.1952,1,0,No,No,0.1282,1,0,No,No,0.1627,1,0,No,No,0.101,1,0,No,No,0.0968,1,0,No,No,0.1616,1,0,No,No,0.1461,1,0,No,No,0.2584,1,0,No,No,0.1328,1,0,No,No,0.1951,1,0,No,No,0.2,1,0,No,No,0.1673,1,0,No,No,0.3001,1,0,No,No,0.1988,1,0,No,No,0.1403,1,0,No,No,0.1318,1,0,No,No,0.1861,1,0,No,No,0.2119,1,0,No,No,0.1236,1,0,No,No,0.1242,1,0,No,No,0.1267,1,0,No,No,0.2561,1,0,No,No,0.1304,1,0,No,No,0.2439,1,0,No,No,0.3219,1,0,No,No,0.1632,1,0,No,No,0.2109,1,0,No,No,0.1916,1,0,No,No,0.1994,0,37,0.17164324324324323
Mid,10,0,0,Yes,Yes,0.0614,0,0,Yes,Yes,0.0967,0,0,Yes,Yes,0.1089,0,0,Yes,Yes,0.1205,0,0,Yes,Yes,0.0845,0,0,Yes,Yes,0.116,0,0,Yes,Yes,0.0865,0,0,Yes,Yes,0.091,0,0,Yes,Yes,0.1703,0,0,Yes,Yes,0.0594,0,0,Yes,Yes,0.088,0,0,Yes,Yes,0.0635,0,0,Yes,Yes,0.1816,0,0,Yes,Yes,0.0655,0,0,Yes,Yes,0.0604,0,0,Yes,Yes,0.0705,0,0,Yes,Yes,0.1955,0,0,Yes,Yes,0.0598,0,0,Yes,Yes,0.1337,0,0,Yes,Yes,0.0884,0,0,Yes,Yes,0.3309,0,0,Yes,Yes,0.157,0,0,Yes,Yes,0.0823,0,0,Yes,Yes,0.188,0,0,Yes,Yes,0.1339,0,0,Yes,Yes,0.1028,0,0,Yes,Yes,0.0653,0,0,Yes,Yes,0.0648,0,0,Yes,Yes,0.0712,0,0,Yes,Yes,0.0789,0,0,Yes,Yes,0.0661,0,0,Yes,Yes,0.3023,0,0,Yes,Yes,0.2106,0,0,Yes,Yes,0.0679,0,0,Yes,Yes,0.1254,0,0,Yes,Yes,0.1927,0,0,Yes,Yes,0.1593,37,0,0.11895945945945949
Mid,11,1,1,Yes,Yes,0.0644,1,1,Yes,Yes,0.097,1,1,Yes,Yes,0.0917,1,1,Yes,Yes,0.1479,0,1,No,No,0.1168,1,1,Yes,Yes,0.0899,1,1,Yes,Yes,0.0835,1,1,Yes,Yes,0.1173,1,1,Yes,Yes,0.0636,1,1,Yes,Yes,0.0751,1,1,Yes,Yes,0.0637,1,1,Yes,Yes,0.0617,1,1,Yes,Yes,0.0754,1,1,Yes,Yes,0.0624,1,1,Yes,Yes,0.0651,1,1,Yes,Yes,0.0686,1,1,Yes,Yes,0.0593,1,1,Yes,Yes,0.0593,1,1,Yes,Yes,0.0597,1,1,Yes,Yes,0.0564,1,1,Yes,Yes,0.0836,1,1,Yes,Yes,0.141,1,1,Yes,Yes,0.0648,1,1,Yes,Yes,0.0576,1,1,Yes,Yes,0.0661,1,1,Yes,Yes,0.0631,1,1,Yes,Yes,0.059,1,1,Yes,Yes,0.0666,1,1,Yes,Yes,0.0577,1,1,Yes,Yes,0.0739,1,1,Yes,Yes,0.0622,1,1,Yes,Yes,0.1773,0,1,No,No,0.1483,1,1,Yes,Yes,0.0623,1,1,Yes,Yes,0.0726,1,1,Yes,Yes,0.0586,1,1,Yes,Yes,0.0926,35,2,0.08070540540540541
Mid,12,1,0,No,No,0.1377,0,0,Yes,Yes,0.1191,0,0,Yes,Yes,0.1421,0,0,Yes,Yes,0.1441,0,0,Yes,Yes,0.1505,1,0,No,No,0.084,0,0,Yes,Yes,0.1454,0,0,Yes,Yes,0.1451,0,0,Yes,Yes,0.062,0,0,Yes,Yes,0.0624,1,0,No,No,0.059,1,0,No,No,0.0622,1,0,No,No,0.0581,0,0,Yes,Yes,0.055,0,0,Yes,Yes,0.0722,0,0,Yes,Yes,0.0632,0,0,Yes,Yes,0.0651,0,0,Yes,Yes,0.0652,0,0,Yes,Yes,0.0644,1,0,No,No,0.0628,1,0,No,No,0.0777,0,0,Yes,Yes,0.1165,1,0,No,No,0.0668,0,0,Yes,Yes,0.063,0,0,Yes,Yes,0.0672,0,0,Yes,Yes,0.0583,0,0,Yes,Yes,0.06,0,0,Yes,Yes,0.059,0,0,Yes,Yes,0.0684,0,0,Yes,Yes,0.0606,0,0,Yes,Yes,0.0575,0,0,Yes,Yes,0.136,0,0,Yes,Yes,0.15,1,0,No,No,0.0619,0,0,Yes,Yes,0.0643,0,0,Yes,Yes,0.0631,1,0,No,No,0.0933,27,10,0.08495135135135137
Mid,13,0,0,Yes,Yes,0.0913,0,0,Yes,Yes,0.137,0,0,Yes,Yes,0.1434,0,0,Yes,Yes,0.2074,0,0,Yes,Yes,0.1229,0,0,Yes,Yes,0.1237,0,0,Yes,Yes,0.1353,0,0,Yes,Yes,0.1387,0,0,Yes,Yes,0.0693,0,0,Yes,Yes,0.1542,0,0,Yes,Yes,0.1259,0,0,Yes,Yes,0.0913,0,0,Yes,Yes,0.0868,0,0,Yes,Yes,0.0843,0,0,Yes,Yes,0.0873,0,0,Yes,Yes,0.0666,0,0,Yes,Yes,0.0618,0,0,Yes,Yes,0.1294,0,0,Yes,Yes,0.058,0,0,Yes,Yes,0.0904,0,0,Yes,Yes,0.078,0,0,Yes,Yes,0.1887,0,0,Yes,Yes,0.1177,0,0,Yes,Yes,0.0617,0,0,Yes,Yes,0.0641,0,0,Yes,Yes,0.0597,0,0,Yes,Yes,0.0889,0,0,Yes,Yes,0.0916,0,0,Yes,Yes,0.1238,0,0,Yes,Yes,0.0586,0,0,Yes,Yes,0.1454,0,0,Yes,Yes,0.0634,0,0,Yes,Yes,0.0854,0,0,Yes,Yes,0.143,0,0,Yes,Yes,0.0614,0,0,Yes,Yes,0.0616,0,0,Yes,Yes,0.1864,37,0,0.10498378378378377
Mid,14,0,1,No,No,0.0718,0,1,No,No,0.1437,1,1,Yes,Yes,0.1221,0,1,No,No,0.311,0,1,No,No,0.084,1,1,Yes,Yes,0.1334,0,1,No,No,0.1121,0,1,No,No,0.1927,0,1,No,No,0.1245,0,1,No,No,0.0852,0,1,No,No,0.0795,0,1,No,No,0.127,0,1,No,No,0.1215,1,1,Yes,Yes,0.1253,0,1,No,No,0.1205,0,1,No,No,0.0932,1,1,Yes,Yes,0.0888,1,1,Yes,Yes,0.082,0,1,No,No,0.1283,1,1,Yes,Yes,0.1247,1,1,Yes,Yes,0.1279,0,1,No,No,0.1701,0,1,No,No,0.1257,0,1,No,No,0.0938,0,1,No,No,0.125,1,1,Yes,Yes,0.127,1,1,Yes,Yes,0.1234,1,1,Yes,Yes,0.1321,0,1,No,No,0.0853,0,1,No,No,0.0862,0,1,No,No,0.0759,0,1,No,No,0.0872,0,1,No,No,0.2226,1,1,Yes,Yes,0.0759,1,1,Yes,Yes,0.129,0,1,No,No,0.1303,0,1,No,No,0.1751,12,25,0.12334594594594593
Mid,15,1,1,Yes,Yes,0.0713,1,1,Yes,Yes,0.1109,1,1,Yes,Yes,0.0919,1,1,Yes,Yes,0.1469,0,1,No,No,0.0898,1,1,Yes,Yes,0.0828,1,1,Yes,Yes,0.1136,1,1,Yes,Yes,0.0852,1,1,Yes,Yes,0.0817,1,1,Yes,Yes,0.0578,1,1,Yes,Yes,0.0607,1,1,Yes,Yes,0.0747,1,1,Yes,Yes,0.072,1,1,Yes,Yes,0.0857,1,1,Yes,Yes,0.0593,1,1,Yes,Yes,0.1343,1,1,Yes,Yes,0.1241,1,1,Yes,Yes,0.0583,1,1,Yes,Yes,0.0844,1,1,Yes,Yes,0.0633,1,1,Yes,Yes,0.1873,1,1,Yes,Yes,0.1185,1,1,Yes,Yes,0.0716,1,1,Yes,Yes,0.1306,1,1,Yes,Yes,0.0818,1,1,Yes,Yes,0.0842,1,1,Yes,Yes,0.0658,1,1,Yes,Yes,0.0781,1,1,Yes,Yes,0.066,1,1,Yes,Yes,0.126,1,1,Yes,Yes,0.0638,1,1,Yes,Yes,0.1248,1,1,Yes,Yes,0.1061,1,1,Yes,Yes,0.0655,1,1,Yes,Yes,0.1046,1,1,Yes,Yes,0.0838,1,1,Yes,Yes,0.0876,36,1,0.09175135135135135
Mid,16,1,1,Yes,Yes,0.14,1,1,Yes,Yes,0.1099,1,1,Yes,Yes,0.1376,1,1,Yes,Yes,0.1258,1,1,Yes,Yes,0.1412,1,1,Yes,Yes,0.0822,1,1,Yes,Yes,0.1426,1,1,Yes,Yes,0.1143,1,1,Yes,Yes,0.0733,1,1,Yes,Yes,0.0646,1,1,Yes,Yes,0.078,1,1,Yes,Yes,0.0653,1,1,Yes,Yes,0.0651,1,1,Yes,Yes,0.0675,1,1,Yes,Yes,0.0578,1,1,Yes,Yes,0.0765,1,1,Yes,Yes,0.0627,1,1,Yes,Yes,0.1087,1,1,Yes,Yes,0.0692,1,1,Yes,Yes,0.0634,1,1,Yes,Yes,0.1405,1,1,Yes,Yes,0.1171,1,1,Yes,Yes,0.0626,1,1,Yes,Yes,0.0663,1,1,Yes,Yes,0.0563,1,1,Yes,Yes,0.0598,1,1,Yes,Yes,0.0633,1,1,Yes,Yes,0.0594,1,1,Yes,Yes,0.0647,1,1,Yes,Yes,0.0592,1,1,Yes,Yes,0.057,1,1,Yes,Yes,0.0619,1,1,Yes,Yes,0.0789,1,1,Yes,Yes,0.0652,1,1,Yes,Yes,0.0652,1,1,Yes,Yes,0.0673,1,1,Yes,Yes,0.1276,37,0,0.08427027027027027
Mid,17,1,1,Yes,Yes,0.1303,1,1,Yes,Yes,0.1495,1,1,Yes,Yes,0.1411,1,1,Yes,Yes,0.3335,1,1,Yes,Yes,0.231,1,1,Yes,Yes,0.1453,1,1,Yes,Yes,0.1203,1,1,Yes,Yes,0.1143,1,1,Yes,Yes,0.0647,1,1,Yes,Yes,0.1224,1,1,Yes,Yes,0.1445,1,1,Yes,Yes,0.1299,1,1,Yes,Yes,0.1301,1,1,Yes,Yes,0.126,1,1,Yes,Yes,0.1306,1,1,Yes,Yes,0.0793,1,1,Yes,Yes,0.0625,1,1,Yes,Yes,0.1337,1,1,Yes,Yes,0.0573,1,1,Yes,Yes,0.1243,1,1,Yes,Yes,0.131,1,1,Yes,Yes,0.1296,1,1,Yes,Yes,0.1329,1,1,Yes,Yes,0.0648,1,1,Yes,Yes,0.0617,1,1,Yes,Yes,0.0671,1,1,Yes,Yes,0.0883,1,1,Yes,Yes,0.0888,1,1,Yes,Yes,0.0851,1,1,Yes,Yes,0.0574,1,1,Yes,Yes,0.0844,1,1,Yes,Yes,0.0729,1,1,Yes,Yes,0.0842,1,1,Yes,Yes,0.138,1,1,Yes,Yes,0.0658,1,1,Yes,Yes,0.0661,1,1,Yes,Yes,0.1635,37,0,0.11492432432432431
Mid,18,0,0,Yes,Yes,0.118,0,0,Yes,Yes,0.1451,0,0,Yes,Yes,0.2043,0,0,Yes,Yes,0.3096,0,0,Yes,Yes,0.3674,0,0,Yes,Yes,0.1338,0,0,Yes,Yes,0.2253,0,0,Yes,Yes,0.0929,0,0,Yes,Yes,0.0914,0,0,Yes,Yes,0.1232,0,0,Yes,Yes,0.1254,0,0,Yes,Yes,0.1268,0,0,Yes,Yes,0.127,0,0,Yes,Yes,0.1216,0,0,Yes,Yes,0.1229,0,0,Yes,Yes,0.1483,0,0,Yes,Yes,0.1291,0,0,Yes,Yes,0.1257,0,0,Yes,Yes,0.1315,0,0,Yes,Yes,0.1128,0,0,Yes,Yes,0.1748,0,0,Yes,Yes,0.2006,0,0,Yes,Yes,0.1271,0,0,Yes,Yes,0.1274,0,0,Yes,Yes,0.1267,0,0,Yes,Yes,0.1265,0,0,Yes,Yes,0.1205,0,0,Yes,Yes,0.1254,0,0,Yes,Yes,0.122,0,0,Yes,Yes,0.134,0,0,Yes,Yes,0.128,0,0,Yes,Yes,0.126,0,0,Yes,Yes,0.1758,0,0,Yes,Yes,0.1238,0,0,Yes,Yes,0.1258,0,0,Yes,Yes,0.131,0,0,Yes,Yes,0.1626,37,0,0.14702972972972975
Mid,19,1,1,Yes,Yes,0.065,1,1,Yes,Yes,0.1667,1,1,Yes,Yes,0.1179,1,1,Yes,Yes,0.2747,0,1,No,No,0.144,1,1,Yes,Yes,0.1989,1,1,Yes,Yes,0.1166,1,1,Yes,Yes,0.2235,1,1,Yes,Yes,0.1268,1,1,Yes,Yes,0.1245,1,1,Yes,Yes,0.1746,1,1,Yes,Yes,0.1342,1,1,Yes,Yes,0.1174,1,1,Yes,Yes,0.1197,1,1,Yes,Yes,0.1108,1,1,Yes,Yes,0.1336,1,1,Yes,Yes,0.1225,1,1,Yes,Yes,0.1056,1,1,Yes,Yes,0.1312,1,1,Yes,Yes,0.1631,1,1,Yes,Yes,0.1436,1,1,Yes,Yes,0.2297,1,1,Yes,Yes,0.1071,1,1,Yes,Yes,0.1373,1,1,Yes,Yes,0.1381,1,1,Yes,Yes,0.1312,1,1,Yes,Yes,0.1383,1,1,Yes,Yes,0.1452,1,1,Yes,Yes,0.1536,1,1,Yes,Yes,0.1295,1,1,Yes,Yes,0.1305,1,1,Yes,Yes,0.1317,1,1,Yes,Yes,0.2067,1,1,Yes,Yes,0.1614,1,1,Yes,Yes,0.1281,1,1,Yes,Yes,0.1224,1,1,Yes,Yes,0.2574,36,1,0.14765135135135132
Mid,20,1,1,Yes,Yes,0.0693,1,1,Yes,Yes,0.1625,1,1,Yes,Yes,0.0886,1,1,Yes,Yes,0.148,1,1,Yes,Yes,0.2295,1,1,Yes,Yes,0.1126,1,1,Yes,Yes,0.0832,1,1,Yes,Yes,0.1397,1,1,Yes,Yes,0.1529,1,1,Yes,Yes,0.066,1,1,Yes,Yes,0.1231,1,1,Yes,Yes,0.064,1,1,Yes,Yes,0.0639,1,1,Yes,Yes,0.0574,1,1,Yes,Yes,0.0672,1,1,Yes,Yes,0.1409,1,1,Yes,Yes,0.1632,1,1,Yes,Yes,0.062,1,1,Yes,Yes,0.158,1,1,Yes,Yes,0.0636,1,1,Yes,Yes,0.325,1,1,Yes,Yes,0.1737,1,1,Yes,Yes,0.0634,1,1,Yes,Yes,0.1314,1,1,Yes,Yes,0.1177,1,1,Yes,Yes,0.1567,1,1,Yes,Yes,0.0656,1,1,Yes,Yes,0.0727,1,1,Yes,Yes,0.0665,1,1,Yes,Yes,0.1071,1,1,Yes,Yes,0.0756,1,1,Yes,Yes,0.1268,1,1,Yes,Yes,0.2397,1,1,Yes,Yes,0.0669,1,1,Yes,Yes,0.1285,1,1,Yes,Yes,0.1076,1,1,Yes,Yes,0.1476,37,0,0.11859729729729732
Mid,21,1,1,Yes,Yes,0.0617,1,1,Yes,Yes,0.2336,1,1,Yes,Yes,0.1036,1,1,Yes,Yes,0.1424,1,1,Yes,Yes,0.0892,1,1,Yes,Yes,0.0822,1,1,Yes,Yes,0.113,1,1,Yes,Yes,0.1153,1,1,Yes,Yes,0.0647,1,1,Yes,Yes,0.066,1,1,Yes,Yes,0.0756,1,1,Yes,Yes,0.0651,1,1,Yes,Yes,0.0621,1,1,Yes,Yes,0.0617,1,1,Yes,Yes,0.0765,1,1,Yes,Yes,0.1213,1,1,Yes,Yes,0.07,1,1,Yes,Yes,0.061,1,1,Yes,Yes,0.0733,1,1,Yes,Yes,0.0627,1,1,Yes,Yes,0.1333,1,1,Yes,Yes,0.1306,1,1,Yes,Yes,0.0621,1,1,Yes,Yes,0.1224,1,1,Yes,Yes,0.0575,1,1,Yes,Yes,0.0634,1,1,Yes,Yes,0.0772,1,1,Yes,Yes,0.0634,1,1,Yes,Yes,0.0747,1,1,Yes,Yes,0.0597,1,1,Yes,Yes,0.0574,1,1,Yes,Yes,0.061,1,1,Yes,Yes,0.1301,1,1,Yes,Yes,0.0626,1,1,Yes,Yes,0.0707,1,1,Yes,Yes,0.0778,1,1,Yes,Yes,0.0816,37,0,0.08612162162162161
Mid,22,0,0,Yes,Yes,0.0711,0,0,Yes,Yes,0.2153,0,0,Yes,Yes,0.1215,0,0,Yes,Yes,0.1459,0,0,Yes,Yes,0.1148,0,0,Yes,Yes,0.0813,0,0,Yes,Yes,0.1161,0,0,Yes,Yes,0.1499,0,0,Yes,Yes,0.0715,0,0,Yes,Yes,0.0696,0,0,Yes,Yes,0.0771,0,0,Yes,Yes,0.06,0,0,Yes,Yes,0.0572,0,0,Yes,Yes,0.062,0,0,Yes,Yes,0.0627,0,0,Yes,Yes,0.0711,0,0,Yes,Yes,0.0634,0,0,Yes,Yes,0.0574,0,0,Yes,Yes,0.069,0,0,Yes,Yes,0.0629,0,0,Yes,Yes,0.1312,0,0,Yes,Yes,0.0884,0,0,Yes,Yes,0.0612,0,0,Yes,Yes,0.0882,0,0,Yes,Yes,0.0636,0,0,Yes,Yes,0.0598,0,0,Yes,Yes,0.0576,0,0,Yes,Yes,0.0586,0,0,Yes,Yes,0.0587,0,0,Yes,Yes,0.0592,0,0,Yes,Yes,0.0559,0,0,Yes,Yes,0.0578,0,0,Yes,Yes,0.1296,0,0,Yes,Yes,0.0579,0,0,Yes,Yes,0.0632,0,0,Yes,Yes,0.0603,0,0,Yes,Yes,0.0863,37,0,0.08208918918918919
Mid,23,1,1,Yes,Yes,0.1442,1,1,Yes,Yes,0.1384,1,1,Yes,Yes,0.1467,1,1,Yes,Yes,0.1324,1,1,Yes,Yes,0.2397,1,1,Yes,Yes,0.0902,1,1,Yes,Yes,0.1512,1,1,Yes,Yes,0.1397,1,1,Yes,Yes,0.0582,1,1,Yes,Yes,0.0587,1,1,Yes,Yes,0.0625,1,1,Yes,Yes,0.0616,1,1,Yes,Yes,0.0698,1,1,Yes,Yes,0.0616,1,1,Yes,Yes,0.0818,1,1,Yes,Yes,0.1314,1,1,Yes,Yes,0.064,1,1,Yes,Yes,0.0594,1,1,Yes,Yes,0.0656,1,1,Yes,Yes,0.0625,1,1,Yes,Yes,0.1332,1,1,Yes,Yes,0.1414,1,1,Yes,Yes,0.0607,1,1,Yes,Yes,0.1238,1,1,Yes,Yes,0.0545,1,1,Yes,Yes,0.065,1,1,Yes,Yes,0.057,1,1,Yes,Yes,0.0632,1,1,Yes,Yes,0.059,1,1,Yes,Yes,0.0679,1,1,Yes,Yes,0.0576,1,1,Yes,Yes,0.0578,1,1,Yes,Yes,0.0767,1,1,Yes,Yes,0.0661,1,1,Yes,Yes,0.0663,1,1,Yes,Yes,0.0591,1,1,Yes,Yes,0.1289,37,0,0.09075135135135137
Mid,24,0,0,Yes,Yes,0.1258,0,0,Yes,Yes,0.1446,0,0,Yes,Yes,0.1424,0,0,Yes,Yes,0.3116,0,0,Yes,Yes,0.225,0,0,Yes,Yes,0.1451,0,0,Yes,Yes,0.1216,0,0,Yes,Yes,0.1341,0,0,Yes,Yes,0.0661,0,0,Yes,Yes,0.1271,0,0,Yes,Yes,0.1351,0,0,Yes,Yes,0.0921,0,0,Yes,Yes,0.1248,0,0,Yes,Yes,0.1327,0,0,Yes,Yes,0.087,0,0,Yes,Yes,0.136,0,0,Yes,Yes,0.0576,0,0,Yes,Yes,0.1245,0,0,Yes,Yes,0.0671,0,0,Yes,Yes,0.1329,0,0,Yes,Yes,0.1323,0,0,Yes,Yes,0.3214,0,0,Yes,Yes,0.148,0,0,Yes,Yes,0.1247,0,0,Yes,Yes,0.067,0,0,Yes,Yes,0.061,0,0,Yes,Yes,0.1249,0,0,Yes,Yes,0.125,0,0,Yes,Yes,0.0853,0,0,Yes,Yes,0.0622,0,0,Yes,Yes,0.124,0,0,Yes,Yes,0.0623,0,0,Yes,Yes,0.0592,0,0,Yes,Yes,0.1618,0,0,Yes,Yes,0.062,0,0,Yes,Yes,0.0636,0,0,Yes,Yes,0.2171,37,0,0.12527027027027027
Mid,25,1,1,Yes,Yes,0.1177,1,1,Yes,Yes,0.1499,1,1,Yes,Yes,0.1543,1,1,Yes,Yes,0.3187,1,1,Yes,Yes,0.3332,1,1,Yes,Yes,0.139,1,1,Yes,Yes,0.2011,1,1,Yes,Yes,0.1546,1,1,Yes,Yes,0.1286,1,1,Yes,Yes,0.1233,1,1,Yes,Yes,0.1309,1,1,Yes,Yes,0.1251,1,1,Yes,Yes,0.1219,1,1,Yes,Yes,0.1443,1,1,Yes,Yes,0.1219,1,1,Yes,Yes,0.14,1,1,Yes,Yes,0.1278,1,1,Yes,Yes,0.1237,1,1,Yes,Yes,0.1281,1,1,Yes,Yes,0.1257,1,1,Yes,Yes,0.166,1,1,Yes,Yes,0.1732,1,1,Yes,Yes,0.1305,1,1,Yes,Yes,0.1861,1,1,Yes,Yes,0.1239,1,1,Yes,Yes,0.131,1,1,Yes,Yes,0.1278,1,1,Yes,Yes,0.1243,1,1,Yes,Yes,0.2121,1,1,Yes,Yes,0.1278,1,1,Yes,Yes,0.1539,1,1,Yes,Yes,0.0887,1,1,Yes,Yes,0.1305,1,1,Yes,Yes,0.1329,1,1,Yes,Yes,0.1313,1,1,Yes,Yes,0.1325,1,1,Yes,Yes,0.2644,37,0,0.15261351351351354
Mid,26,1,1,Yes,Yes,0.1407,1,1,Yes,Yes,0.1407,1,1,Yes,Yes,0.1807,1,1,Yes,Yes,0.2535,0,1,No,No,0.4295,1,1,Yes,Yes,0.2309,1,1,Yes,Yes,0.1409,1,1,Yes,Yes,0.2215,1,1,Yes,Yes,0.1266,1,1,Yes,Yes,0.1261,1,1,Yes,Yes,0.1449,1,1,Yes,Yes,0.1868,0,1,No,No,0.1293,1,1,Yes,Yes,0.3086,1,1,Yes,Yes,0.2083,1,1,Yes,Yes,0.1386,1,1,Yes,Yes,0.1249,1,1,Yes,Yes,0.2035,1,1,Yes,Yes,0.1267,1,1,Yes,Yes,0.1084,1,1,Yes,Yes,0.2015,1,1,Yes,Yes,0.1302,0,1,No,No,0.1159,1,1,Yes,Yes,0.1885,1,1,Yes,Yes,0.1214,1,1,Yes,Yes,0.124,1,1,Yes,Yes,0.1263,1,1,Yes,Yes,0.1363,1,1,Yes,Yes,0.2173,1,1,Yes,Yes,0.1238,1,1,Yes,Yes,0.1303,0,1,No,No,0.1236,0,1,No,No,0.1251,1,1,Yes,Yes,0.0959,1,1,Yes,Yes,0.1426,1,1,Yes,Yes,0.1309,0,1,No,No,0.2325,31,6,0.16587027027027024
Mid,27,1,1,Yes,Yes,0.128,1,1,Yes,Yes,0.167,1,1,Yes,Yes,0.1316,1,1,Yes,Yes,0.2735,0,1,No,No,0.4365,1,1,Yes,Yes,0.1611,1,1,Yes,Yes,0.1446,1,1,Yes,Yes,0.1397,1,1,Yes,Yes,0.1267,1,1,Yes,Yes,0.126,1,1,Yes,Yes,0.1352,1,1,Yes,Yes,0.2407,1,1,Yes,Yes,0.1349,1,1,Yes,Yes,0.2062,1,1,Yes,Yes,0.1293,1,1,Yes,Yes,0.1312,1,1,Yes,Yes,0.1113,1,1,Yes,Yes,0.1302,1,1,Yes,Yes,0.1087,1,1,Yes,Yes,0.1274,1,1,Yes,Yes,0.1224,1,1,Yes,Yes,0.1298,1,1,Yes,Yes,0.1449,1,1,Yes,Yes,0.2344,1,1,Yes,Yes,0.1013,1,1,Yes,Yes,0.125,1,1,Yes,Yes,0.0878,1,1,Yes,Yes,0.0909,1,1,Yes,Yes,0.1915,1,1,Yes,Yes,0.1408,1,1,Yes,Yes,0.1261,1,1,Yes,Yes,0.1788,0,1,No,No,0.1333,1,1,Yes,Yes,0.0992,1,1,Yes,Yes,0.2309,1,1,Yes,Yes,0.136,1,1,Yes,Yes,0.1603,35,2,0.15468108108108106
Mid,28,0,1,No,No,0.1359,1,1,Yes,Yes,0.3828,1,1,Yes,Yes,0.154,1,1,Yes,Yes,0.2621,0,1,No,No,0.4858,1,1,Yes,Yes,0.136,1,1,Yes,Yes,0.1408,1,1,Yes,Yes,0.221,1,1,Yes,Yes,0.1287,1,1,Yes,Yes,0.1191,1,1,Yes,Yes,0.1335,1,1,Yes,Yes,0.1769,0,1,No,No,0.1277,1,1,Yes,Yes,0.1911,0,1,No,No,0.1251,1,1,Yes,Yes,0.1165,1,1,Yes,Yes,0.1313,1,1,Yes,Yes,0.1235,0,1,No,No,0.1301,1,1,Yes,Yes,0.1106,1,1,Yes,Yes,0.0963,1,1,Yes,Yes,0.1351,0,1,No,No,0.1309,1,1,Yes,Yes,0.2052,1,1,Yes,Yes,0.1275,1,1,Yes,Yes,0.1276,1,1,Yes,Yes,0.1205,0,1,No,No,0.0905,1,1,Yes,Yes,0.1899,1,1,Yes,Yes,0.1263,0,1,No,No,0.1242,0,1,No,No,0.1288,0,1,No,No,0.1372,1,1,Yes,Yes,0.1237,1,1,Yes,Yes,0.1704,1,1,Yes,Yes,0.1347,1,1,Yes,Yes,0.1984,27,10,0.1594513513513513
Mid,29,0,0,Yes,Yes,0.0978,0,0,Yes,Yes,0.2265,0,0,Yes,Yes,0.1485,0,0,Yes,Yes,0.1339,0,0,Yes,Yes,0.2918,0,0,Yes,Yes,0.1447,0,0,Yes,Yes,0.1501,0,0,Yes,Yes,0.1353,1,0,No,No,0.1288,1,0,No,No,0.122,0,0,Yes,Yes,0.1419,0,0,Yes,Yes,0.2692,0,0,Yes,Yes,0.0924,0,0,Yes,Yes,0.1884,0,0,Yes,Yes,0.1391,0,0,Yes,Yes,0.1389,1,0,No,No,0.1245,0,0,Yes,Yes,0.149,0,0,Yes,Yes,0.0833,0,0,Yes,Yes,0.1237,0,0,Yes,Yes,0.1291,0,0,Yes,Yes,0.1391,1,0,No,No,0.097,0,0,Yes,Yes,0.3428,0,0,Yes,Yes,0.1325,0,0,Yes,Yes,0.1209,0,0,Yes,Yes,0.2027,0,0,Yes,Yes,0.1245,0,0,Yes,Yes,0.2069,1,0,No,No,0.1248,0,0,Yes,Yes,0.1247,0,0,Yes,Yes,0.1265,0,0,Yes,Yes,0.1226,0,0,Yes,Yes,0.1081,0,0,Yes,Yes,0.1914,0,0,Yes,Yes,0.1273,0,0,Yes,Yes,0.1806,32,5,0.15219729729729728
Mid,30,0,1,No,No,0.1378,1,1,Yes,Yes,0.3086,1,1,Yes,Yes,0.1421,1,1,Yes,Yes,0.1539,0,1,No,No,0.1958,1,1,Yes,Yes,0.1387,1,1,Yes,Yes,0.166,1,1,Yes,Yes,0.1173,1,1,Yes,Yes,0.1299,1,1,Yes,Yes,0.1356,1,1,Yes,Yes,0.1495,1,1,Yes,Yes,0.1245,1,1,Yes,Yes,0.0929,1,1,Yes,Yes,0.1921,1,1,Yes,Yes,0.1259,1,1,Yes,Yes,0.1316,1,1,Yes,Yes,0.1179,1,1,Yes,Yes,0.1312,1,1,Yes,Yes,0.1288,1,1,Yes,Yes,0.1294,1,1,Yes,Yes,0.1082,1,1,Yes,Yes,0.1312,1,1,Yes,Yes,0.1333,1,1,Yes,Yes,0.2858,0,1,No,No,0.1095,1,1,Yes,Yes,0.1361,0,1,No,No,0.1383,1,1,Yes,Yes,0.2023,1,1,Yes,Yes,0.2822,1,1,Yes,Yes,0.1331,1,1,Yes,Yes,0.1366,1,1,Yes,Yes,0.0883,1,1,Yes,Yes,0.1379,1,1,Yes,Yes,0.1315,1,1,Yes,Yes,0.1964,1,1,Yes,Yes,0.127,1,1,Yes,Yes,0.1389,33,4,0.15043513513513515
Mid,31,0,0,Yes,Yes,0.1906,0,0,Yes,Yes,0.1341,0,0,Yes,Yes,0.231,0,0,Yes,Yes,0.1471,0,0,Yes,Yes,0.2007,0,0,Yes,Yes,0.1376,0,0,Yes,Yes,0.1409,0,0,Yes,Yes,0.1104,0,0,Yes,Yes,0.1326,0,0,Yes,Yes,0.1351,0,0,Yes,Yes,0.1256,0,0,Yes,Yes,0.1697,0,0,Yes,Yes,0.1268,0,0,Yes,Yes,0.2586,0,0,Yes,Yes,0.1393,0,0,Yes,Yes,0.2238,0,0,Yes,Yes,0.1249,0,0,Yes,Yes,0.1267,0,0,Yes,Yes,0.1239,0,0,Yes,Yes,0.1225,0,0,Yes,Yes,0.1605,0,0,Yes,Yes,0.1274,0,0,Yes,Yes,0.1287,0,0,Yes,Yes,0.2007,0,0,Yes,Yes,0.2148,0,0,Yes,Yes,0.1356,0,0,Yes,Yes,0.1751,0,0,Yes,Yes,0.1307,0,0,Yes,Yes,0.1761,0,0,Yes,Yes,0.1265,0,0,Yes,Yes,0.126,0,0,Yes,Yes,0.1289,0,0,Yes,Yes,0.1344,0,0,Yes,Yes,0.1225,0,0,Yes,Yes,0.174,0,0,Yes,Yes,0.1313,0,0,Yes,Yes,0.1272,37,0,0.15195405405405404
Mid,32,0,0,Yes,Yes,0.1321,0,0,Yes,Yes,0.1318,0,0,Yes,Yes,0.2352,0,0,Yes,Yes,0.2164,0,0,Yes,Yes,0.1722,0,0,Yes,Yes,0.2837,0,0,Yes,Yes,0.2237,0,0,Yes,Yes,0.1131,0,0,Yes,Yes,0.1302,0,0,Yes,Yes,0.1695,0,0,Yes,Yes,0.194,0,0,Yes,Yes,0.3067,0,0,Yes,Yes,0.2412,0,0,Yes,Yes,0.3104,0,0,Yes,Yes,0.1345,0,0,Yes,Yes,0.1429,0,0,Yes,Yes,0.1276,0,0,Yes,Yes,0.2087,0,0,Yes,Yes,0.1834,0,0,Yes,Yes,0.1751,0,0,Yes,Yes,0.2063,0,0,Yes,Yes,0.1781,0,0,Yes,Yes,0.2014,0,0,Yes,Yes,0.2354,0,0,Yes,Yes,0.1947,0,0,Yes,Yes,0.1241,0,0,Yes,Yes,0.3126,0,0,Yes,Yes,0.1374,0,0,Yes,Yes,0.2818,0,0,Yes,Yes,0.1286,0,0,Yes,Yes,0.1516,0,0,Yes,Yes,0.1257,0,0,Yes,Yes,0.1336,0,0,Yes,Yes,0.1432,0,0,Yes,Yes,0.3625,0,0,Yes,Yes,0.1241,0,0,Yes,Yes,0.2088,37,0,0.19141351351351354
Mid,33,1,1,Yes,Yes,0.1216,1,1,Yes,Yes,0.1522,1,1,Yes,Yes,0.1585,1,1,Yes,Yes,0.1475,0,1,No,No,0.1394,1,1,Yes,Yes,0.1429,1,1,Yes,Yes,0.1165,1,1,Yes,Yes,0.1431,1,1,Yes,Yes,0.1734,1,1,Yes,Yes,0.1297,1,1,Yes,Yes,0.1399,1,1,Yes,Yes,0.2461,1,1,Yes,Yes,0.1275,1,1,Yes,Yes,0.2448,1,1,Yes,Yes,0.1743,1,1,Yes,Yes,0.1266,1,1,Yes,Yes,0.1711,1,1,Yes,Yes,0.1325,1,1,Yes,Yes,0.2808,1,1,Yes,Yes,0.149,1,1,Yes,Yes,0.1938,1,1,Yes,Yes,0.1775,1,1,Yes,Yes,0.1403,1,1,Yes,Yes,0.2575,1,1,Yes,Yes,0.1397,1,1,Yes,Yes,0.1664,1,1,Yes,Yes,0.243,1,1,Yes,Yes,0.1692,1,1,Yes,Yes,0.2469,1,1,Yes,Yes,0.1787,1,1,Yes,Yes,0.1524,1,1,Yes,Yes,0.2013,1,1,Yes,Yes,0.1828,1,1,Yes,Yes,0.1262,1,1,Yes,Yes,0.3366,1,1,Yes,Yes,0.1314,1,1,Yes,Yes,0.1346,36,1,0.17285675675675677
Mid,34,0,0,Yes,Yes,0.1287,0,0,Yes,Yes,0.1403,0,0,Yes,Yes,0.1117,0,0,Yes,Yes,0.1394,0,0,Yes,Yes,0.1245,0,0,Yes,Yes,0.1349,0,0,Yes,Yes,0.1363,0,0,Yes,Yes,0.1456,0,0,Yes,Yes,0.1343,0,0,Yes,Yes,0.1254,0,0,Yes,Yes,0.2006,0,0,Yes,Yes,0.2329,0,0,Yes,Yes,0.1245,0,0,Yes,Yes,0.1661,0,0,Yes,Yes,0.1234,0,0,Yes,Yes,0.0905,0,0,Yes,Yes,0.0932,0,0,Yes,Yes,0.1227,0,0,Yes,Yes,0.0875,0,0,Yes,Yes,0.1254,0,0,Yes,Yes,0.1317,0,0,Yes,Yes,0.1248,0,0,Yes,Yes,0.1346,0,0,Yes,Yes,0.1585,0,0,Yes,Yes,0.1219,0,0,Yes,Yes,0.1314,0,0,Yes,Yes,0.1887,0,0,Yes,Yes,0.1246,0,0,Yes,Yes,0.1942,0,0,Yes,Yes,0.1405,0,0,Yes,Yes,0.1242,0,0,Yes,Yes,0.131,0,0,Yes,Yes,0.1451,0,0,Yes,Yes,0.15,0,0,Yes,Yes,0.2324,0,0,Yes,Yes,0.1825,0,0,Yes,Yes,0.1294,37,0,0.14144324324324328
Mid,35,0,0,Yes,Yes,0.0737,0,0,Yes,Yes,0.1588,0,0,Yes,Yes,0.094,0,0,Yes,Yes,0.1543,0,0,Yes,Yes,0.0844,0,0,Yes,Yes,0.2373,0,0,Yes,Yes,0.1048,0,0,Yes,Yes,0.1341,0,0,Yes,Yes,0.1243,0,0,Yes,Yes,0.0871,0,0,Yes,Yes,0.0965,0,0,Yes,Yes,0.3093,0,0,Yes,Yes,0.0832,0,0,Yes,Yes,0.1767,0,0,Yes,Yes,0.0851,0,0,Yes,Yes,0.0644,0,0,Yes,Yes,0.1244,0,0,Yes,Yes,0.1232,0,0,Yes,Yes,0.0594,0,0,Yes,Yes,0.0727,0,0,Yes,Yes,0.063,0,0,Yes,Yes,0.0847,1,0,No,No,0.0811,0,0,Yes,Yes,0.1868,0,0,Yes,Yes,0.0599,0,0,Yes,Yes,0.1238,0,0,Yes,Yes,0.1849,0,0,Yes,Yes,0.0906,0,0,Yes,Yes,0.1753,0,0,Yes,Yes,0.1941,0,0,Yes,Yes,0.1304,0,0,Yes,Yes,0.1597,0,0,Yes,Yes,0.1399,0,0,Yes,Yes,0.123,0,0,Yes,Yes,0.2528,0,0,Yes,Yes,0.122,1,0,No,No,0.097,35,2,0.1274783783783784
Mid,36,1,1,Yes,Yes,0.0629,1,1,Yes,Yes,0.1509,1,1,Yes,Yes,0.0923,1,1,Yes,Yes,0.1197,1,1,Yes,Yes,0.1128,1,1,Yes,Yes,0.1366,1,1,Yes,Yes,0.1122,1,1,Yes,Yes,0.1387,1,1,Yes,Yes,0.1265,1,1,Yes,Yes,0.0655,1,1,Yes,Yes,0.1126,1,1,Yes,Yes,0.1216,1,1,Yes,Yes,0.0634,1,1,Yes,Yes,0.1145,1,1,Yes,Yes,0.0637,1,1,Yes,Yes,0.1187,1,1,Yes,Yes,0.1235,1,1,Yes,Yes,0.0584,1,1,Yes,Yes,0.0579,1,1,Yes,Yes,0.0701,1,1,Yes,Yes,0.0558,1,1,Yes,Yes,0.0672,1,1,Yes,Yes,0.0641,1,1,Yes,Yes,0.1506,1,1,Yes,Yes,0.0647,1,1,Yes,Yes,0.1157,1,1,Yes,Yes,0.1737,1,1,Yes,Yes,0.0579,1,1,Yes,Yes,0.1709,1,1,Yes,Yes,0.1684,1,1,Yes,Yes,0.064,1,1,Yes,Yes,0.0848,1,1,Yes,Yes,0.0921,1,1,Yes,Yes,0.0813,1,1,Yes,Yes,0.1098,1,1,Yes,Yes,0.0743,1,1,Yes,Yes,0.0627,37,0,0.09947297297297299
Mid,37,0,0,Yes,Yes,0.0609,0,0,Yes,Yes,0.1376,0,0,Yes,Yes,0.0903,0,0,Yes,Yes,0.1166,0,0,Yes,Yes,0.0978,0,0,Yes,Yes,0.1359,0,0,Yes,Yes,0.1133,0,0,Yes,Yes,0.1352,0,0,Yes,Yes,0.0559,0,0,Yes,Yes,0.0683,0,0,Yes,Yes,0.0671,0,0,Yes,Yes,0.1179,0,0,Yes,Yes,0.0613,0,0,Yes,Yes,0.1236,0,0,Yes,Yes,0.0663,0,0,Yes,Yes,0.0951,0,0,Yes,Yes,0.0645,0,0,Yes,Yes,0.0624,0,0,Yes,Yes,0.0581,0,0,Yes,Yes,0.0583,0,0,Yes,Yes,0.0571,0,0,Yes,Yes,0.0652,0,0,Yes,Yes,0.0594,0,0,Yes,Yes,0.1275,0,0,Yes,Yes,0.0687,0,0,Yes,Yes,0.058,0,0,Yes,Yes,0.0899,0,0,Yes,Yes,0.0572,0,0,Yes,Yes,0.0779,0,0,Yes,Yes,0.1197,0,0,Yes,Yes,0.0552,0,0,Yes,Yes,0.0605,0,0,Yes,Yes,0.0637,0,0,Yes,Yes,0.0581,0,0,Yes,Yes,0.0811,0,0,Yes,Yes,0.0588,0,0,Yes,Yes,0.0596,37,0,0.08118918918918919
Mid,38,0,0,Yes,Yes,0.0693,0,0,Yes,Yes,0.1425,0,0,Yes,Yes,0.089,0,0,Yes,Yes,0.114,0,0,Yes,Yes,0.115,0,0,Yes,Yes,0.1353,0,0,Yes,Yes,0.1114,0,0,Yes,Yes,0.1173,0,0,Yes,Yes,0.0601,0,0,Yes,Yes,0.061,0,0,Yes,Yes,0.0583,0,0,Yes,Yes,0.1226,0,0,Yes,Yes,0.0553,0,0,Yes,Yes,0.1187,0,0,Yes,Yes,0.065,0,0,Yes,Yes,0.134,0,0,Yes,Yes,0.0559,0,0,Yes,Yes,0.1217,0,0,Yes,Yes,0.059,0,0,Yes,Yes,0.0561,0,0,Yes,Yes,0.0552,0,0,Yes,Yes,0.067,0,0,Yes,Yes,0.063,0,0,Yes,Yes,0.128,0,0,Yes,Yes,0.0599,0,0,Yes,Yes,0.0615,0,0,Yes,Yes,0.0829,0,0,Yes,Yes,0.063,0,0,Yes,Yes,0.1193,0,0,Yes,Yes,0.1175,0,0,Yes,Yes,0.0559,0,0,Yes,Yes,0.0642,0,0,Yes,Yes,0.0631,0,0,Yes,Yes,0.0677,0,0,Yes,Yes,0.1226,0,0,Yes,Yes,0.0574,0,0,Yes,Yes,0.0651,37,0,0.0858054054054054
Mid,39,0,1,No,No,0.0662,1,1,Yes,Yes,0.1324,1,1,Yes,Yes,0.0933,1,1,Yes,Yes,0.0828,0,1,No,No,0.0812,1,1,Yes,Yes,0.1313,1,1,Yes,Yes,0.0872,1,1,Yes,Yes,0.1311,1,1,Yes,Yes,0.1202,1,1,Yes,Yes,0.0584,1,1,Yes,Yes,0.0582,1,1,Yes,Yes,0.1237,1,1,Yes,Yes,0.0656,1,1,Yes,Yes,0.1253,1,1,Yes,Yes,0.0635,1,1,Yes,Yes,0.1245,1,1,Yes,Yes,0.0565,1,1,Yes,Yes,0.1228,1,1,Yes,Yes,0.0715,1,1,Yes,Yes,0.0568,1,1,Yes,Yes,0.0626,1,1,Yes,Yes,0.0591,1,1,Yes,Yes,0.0726,1,1,Yes,Yes,0.0605,1,1,Yes,Yes,0.0544,1,1,Yes,Yes,0.056,1,1,Yes,Yes,0.0779,1,1,Yes,Yes,0.0583,1,1,Yes,Yes,0.1283,1,1,Yes,Yes,0.1385,1,1,Yes,Yes,0.0564,1,1,Yes,Yes,0.0636,0,1,No,No,0.0648,1,1,Yes,Yes,0.0618,1,1,Yes,Yes,0.1193,1,1,Yes,Yes,0.056,1,1,Yes,Yes,0.0661,34,3,0.0840189189189189
Mid,40,0,1,No,No,0.0634,1,1,Yes,Yes,0.1623,1,1,Yes,Yes,0.0875,1,1,Yes,Yes,0.1146,0,1,No,No,0.0945,1,1,Yes,Yes,0.2192,1,1,Yes,Yes,0.136,1,1,Yes,Yes,0.1334,1,1,Yes,Yes,0.1248,1,1,Yes,Yes,0.0626,1,1,Yes,Yes,0.0738,1,1,Yes,Yes,0.1272,1,1,Yes,Yes,0.06,1,1,Yes,Yes,0.1311,1,1,Yes,Yes,0.0574,1,1,Yes,Yes,0.1282,1,1,Yes,Yes,0.064,1,1,Yes,Yes,0.1202,1,1,Yes,Yes,0.0569,1,1,Yes,Yes,0.0558,1,1,Yes,Yes,0.075,1,1,Yes,Yes,0.0581,1,1,Yes,Yes,0.0644,1,1,Yes,Yes,0.0561,1,1,Yes,Yes,0.0545,1,1,Yes,Yes,0.0555,0,1,No,No,0.0818,1,1,Yes,Yes,0.0581,1,1,Yes,Yes,0.1241,1,1,Yes,Yes,0.1179,1,1,Yes,Yes,0.0553,1,1,Yes,Yes,0.0573,1,1,Yes,Yes,0.0619,1,1,Yes,Yes,0.0574,1,1,Yes,Yes,0.1209,1,1,Yes,Yes,0.0642,1,1,Yes,Yes,0.0626,34,3,0.08913513513513514
Average,,,,32,8,0.11129749999999998,,,38,2,0.17165499999999997,,,39,1,0.14505000000000004,,,38,2,0.1887075,,,27,13,0.18716000000000002,,,38,2,0.15633750000000005,,,38,2,0.15112268292682926,,,37,3,0.15656384146341468,,,37,3,0.12527,,,37,3,0.1355075,,,37,3,0.14472499999999996,,,37,3,0.16277750000000002,,,34,6,0.13144500000000003,,,39,1,0.16398249999999998,,,37,3,0.11935621951219512,,,38,2,0.13240006097560972,,,38,2,0.11928249999999999,,,39,1,0.14140999999999995,,,37,3,0.137785,,,38,2,0.11537499999999998,,,38,2,0.15329000000000004,,,38,2,0.17342999999999995,,,31,9,0.1394662804878049,,,38,2,0.15755951219512196,,,37,3,0.11950750000000002,,,39,1,0.12210231707317075,,,37,3,0.14794975609756097,,,38,2,0.13248750000000004,,,38,2,0.16257000000000005,,,37,3,0.13205749999999997,,,37,3,0.1329975,,,36,4,0.15927500000000003,,,32,8,0.1558875,,,37,3,0.13491451219512196,,,39,1,0.14928945121951215,,,38,2,0.12060249999999999,,,35,5,0.1696225,1360,120,0.14478709459459463
High,1,0,0,Yes,Yes,0.2161,0,0,Yes,Yes,0.2972,0,0,Yes,Yes,0.286,0,0,Yes,Yes,0.3421,0,0,Yes,Yes,0.3058,0,0,Yes,Yes,0.4725,0,0,Yes,Yes,0.8093,0,0,Yes,Yes,0.8388,0,0,Yes,Yes,1.4402,0,0,Yes,Yes,0.7695,0,0,Yes,Yes,1.4086,0,0,Yes,Yes,0.7405,0,0,Yes,Yes,0.7024,0,0,Yes,Yes,0.7625,0,0,Yes,Yes,0.6922,0,0,Yes,Yes,1.4601,0,0,Yes,Yes,1.3529,0,0,Yes,Yes,1.1541,0,0,Yes,Yes,0.7236,0,0,Yes,Yes,0.7187,0,0,Yes,Yes,0.7331,0,0,Yes,Yes,1.4172,0,0,Yes,Yes,0.2264,0,0,Yes,Yes,0.7172,0,0,Yes,Yes,0.7515,0,0,Yes,Yes,0.6902,0,0,Yes,Yes,0.7531,0,0,Yes,Yes,0.7827,0,0,Yes,Yes,0.8101,0,0,Yes,Yes,1.4531,0,0,Yes,Yes,1.364,0,0,Yes,Yes,0.7575,0,0,Yes,Yes,0.7152,0,0,Yes,Yes,0.6874,0,0,Yes,Yes,1.4822,0,0,Yes,Yes,1.3984,0,0,Yes,Yes,0.7188,37,0,0.8365189189189188
High,2,0,0,Yes,Yes,0.1961,0,0,Yes,Yes,0.2138,0,0,Yes,Yes,0.1744,0,0,Yes,Yes,0.2085,0,0,Yes,Yes,0.2587,0,0,Yes,Yes,0.1382,0,0,Yes,Yes,0.2953,0,0,Yes,Yes,0.3076,0,0,Yes,Yes,0.1281,0,0,Yes,Yes,0.1291,0,0,Yes,Yes,0.1326,0,0,Yes,Yes,0.0751,0,0,Yes,Yes,0.0617,0,0,Yes,Yes,0.0607,0,0,Yes,Yes,0.0643,0,0,Yes,Yes,0.1304,0,0,Yes,Yes,0.121,0,0,Yes,Yes,0.1257,0,0,Yes,Yes,0.0651,0,0,Yes,Yes,0.0683,0,0,Yes,Yes,0.0632,0,0,Yes,Yes,0.0695,0,0,Yes,Yes,0.1477,0,0,Yes,Yes,0.0685,0,0,Yes,Yes,0.0677,0,0,Yes,Yes,0.0756,0,0,Yes,Yes,0.0653,0,0,Yes,Yes,0.0594,0,0,Yes,Yes,0.0741,0,0,Yes,Yes,0.0917,0,0,Yes,Yes,0.1318,0,0,Yes,Yes,0.0661,0,0,Yes,Yes,0.0708,0,0,Yes,Yes,0.1216,0,0,Yes,Yes,0.0661,0,0,Yes,Yes,0.1784,0,0,Yes,Yes,0.0688,37,0,0.12002702702702704
High,3,0,0,Yes,Yes,0.1289,0,0,Yes,Yes,0.2826,0,0,Yes,Yes,0.1401,0,0,Yes,Yes,0.2081,0,0,Yes,Yes,0.1853,0,0,Yes,Yes,0.1102,0,0,Yes,Yes,0.2932,0,0,Yes,Yes,0.194,0,0,Yes,Yes,0.132,0,0,Yes,Yes,0.1228,0,0,Yes,Yes,0.1352,0,0,Yes,Yes,0.0584,0,0,Yes,Yes,0.0568,0,0,Yes,Yes,0.0624,0,0,Yes,Yes,0.0615,0,0,Yes,Yes,0.1332,0,0,Yes,Yes,0.0843,0,0,Yes,Yes,0.1207,0,0,Yes,Yes,0.0925,0,0,Yes,Yes,0.0599,0,0,Yes,Yes,0.0649,0,0,Yes,Yes,0.0646,0,0,Yes,Yes,0.1258,0,0,Yes,Yes,0.065,0,0,Yes,Yes,0.0633,0,0,Yes,Yes,0.0695,0,0,Yes,Yes,0.0587,0,0,Yes,Yes,0.0585,0,0,Yes,Yes,0.0571,0,0,Yes,Yes,0.1187,0,0,Yes,Yes,0.1278,0,0,Yes,Yes,0.0643,0,0,Yes,Yes,0.0646,0,0,Yes,Yes,0.088,0,0,Yes,Yes,0.0662,0,0,Yes,Yes,0.1238,0,0,Yes,Yes,0.0581,37,0,0.10813513513513512
High,4,1,1,Yes,Yes,0.2164,1,1,Yes,Yes,0.1279,1,1,Yes,Yes,0.1368,1,1,Yes,Yes,0.119,1,1,Yes,Yes,0.0878,1,1,Yes,Yes,0.1368,1,1,Yes,Yes,0.3113,1,1,Yes,Yes,0.2624,1,1,Yes,Yes,0.1827,1,1,Yes,Yes,0.203,1,1,Yes,Yes,0.2192,1,1,Yes,Yes,0.0929,1,1,Yes,Yes,0.1222,1,1,Yes,Yes,0.1235,1,1,Yes,Yes,0.1459,1,1,Yes,Yes,0.2425,1,1,Yes,Yes,0.1622,1,1,Yes,Yes,0.1892,1,1,Yes,Yes,0.1247,1,1,Yes,Yes,0.1229,1,1,Yes,Yes,0.127,1,1,Yes,Yes,0.1272,1,1,Yes,Yes,0.2872,1,1,Yes,Yes,0.1235,1,1,Yes,Yes,0.1286,1,1,Yes,Yes,0.0845,1,1,Yes,Yes,0.1287,1,1,Yes,Yes,0.1255,1,1,Yes,Yes,0.1226,1,1,Yes,Yes,0.167,1,1,Yes,Yes,0.1848,1,1,Yes,Yes,0.1545,1,1,Yes,Yes,0.1271,1,1,Yes,Yes,0.1395,1,1,Yes,Yes,0.1318,1,1,Yes,Yes,0.1927,1,1,Yes,Yes,0.1229,37,0,0.1568756756756757
High,5,0,0,Yes,Yes,0.2116,0,0,Yes,Yes,0.1565,0,0,Yes,Yes,0.2805,1,0,No,No,0.132,1,0,No,No,0.1428,1,0,No,No,0.1154,1,0,No,No,0.135,1,0,No,No,0.2312,0,0,Yes,Yes,0.0921,1,0,No,No,0.1199,0,0,Yes,Yes,0.1343,0,0,Yes,Yes,0.0693,1,0,No,No,0.0602,0,0,Yes,Yes,0.0578,0,0,Yes,Yes,0.0648,1,0,No,No,0.1272,0,0,Yes,Yes,0.1044,0,0,Yes,Yes,0.1238,0,0,Yes,Yes,0.0687,1,0,No,No,0.0648,1,0,No,No,0.0797,1,0,No,No,0.0688,1,0,No,No,0.3147,0,0,Yes,Yes,0.0675,0,0,Yes,Yes,0.0901,0,0,Yes,Yes,0.0801,0,0,Yes,Yes,0.0659,0,0,Yes,Yes,0.0626,0,0,Yes,Yes,0.0616,0,0,Yes,Yes,0.0956,0,0,Yes,Yes,0.1187,0,0,Yes,Yes,0.0599,0,0,Yes,Yes,0.0662,0,0,Yes,Yes,0.1364,0,0,Yes,Yes,0.0646,0,0,Yes,Yes,0.3314,0,0,Yes,Yes,0.064,25,12,0.11675945945945948
High,6,0,1,No,No,0.1436,1,1,Yes,Yes,0.2365,0,1,No,No,0.2529,0,1,No,No,0.2243,0,1,No,No,0.2171,1,1,Yes,Yes,0.1492,1,1,Yes,Yes,0.3207,1,1,Yes,Yes,0.3099,1,1,Yes,Yes,0.1584,1,1,Yes,Yes,0.1758,1,1,Yes,Yes,0.1975,1,1,Yes,Yes,0.1354,1,1,Yes,Yes,0.1258,0,1,No,No,0.129,1,1,Yes,Yes,0.1294,1,1,Yes,Yes,0.187,1,1,Yes,Yes,0.1898,1,1,Yes,Yes,0.165,1,1,Yes,Yes,0.1317,1,1,Yes,Yes,0.0922,1,1,Yes,Yes,0.1455,0,1,No,No,0.1334,0,1,No,No,0.2465,1,1,Yes,Yes,0.0852,1,1,Yes,Yes,0.2077,1,1,Yes,Yes,0.1251,1,1,Yes,Yes,0.1242,1,1,Yes,Yes,0.1266,0,1,No,No,0.1315,1,1,Yes,Yes,0.1511,1,1,Yes,Yes,0.1242,1,1,Yes,Yes,0.1322,0,1,No,No,0.1333,0,1,No,No,0.2209,1,1,Yes,Yes,0.0897,1,1,Yes,Yes,0.1612,1,1,Yes,Yes,0.0993,27,10,0.16510270270270272
High,7,0,1,No,No,0.1435,1,1,Yes,Yes,0.2334,0,1,No,No,0.1961,0,1,No,No,0.1651,0,1,No,No,0.1584,1,1,Yes,Yes,0.2346,1,1,Yes,Yes,0.3619,1,1,Yes,Yes,0.2263,1,1,Yes,Yes,0.2091,1,1,Yes,Yes,0.317,1,1,Yes,Yes,0.3301,1,1,Yes,Yes,0.206,1,1,Yes,Yes,0.1455,1,1,Yes,Yes,0.1474,1,1,Yes,Yes,0.1289,0,1,No,No,0.1969,0,1,No,No,0.2558,1,1,Yes,Yes,0.1874,0,1,No,No,0.1926,1,1,Yes,Yes,0.1835,1,1,Yes,Yes,0.1553,0,1,No,No,0.1651,0,1,No,No,0.2771,1,1,Yes,Yes,0.1929,0,1,No,No,0.2359,1,1,Yes,Yes,0.1494,0,1,No,No,0.1519,1,1,Yes,Yes,0.1558,0,1,No,No,0.1556,1,1,Yes,Yes,0.2026,1,1,Yes,Yes,0.3134,1,1,Yes,Yes,0.1425,0,1,No,No,0.177,1,1,Yes,Yes,0.2314,0,1,No,No,0.2387,0,1,No,No,0.1809,0,1,No,No,0.1611,21,16,0.20286756756756757
High,8,1,0,No,No,0.2456,1,0,No,No,0.1226,1,0,No,No,0.3331,1,0,No,No,0.141,1,0,No,No,0.1749,1,0,No,No,0.1461,1,0,No,No,0.2848,1,0,No,No,0.1274,1,0,No,No,0.2542,1,0,No,No,0.215,1,0,No,No,0.2806,1,0,No,No,0.1308,1,0,No,No,0.1244,1,0,No,No,0.1342,1,0,No,No,0.132,1,0,No,No,0.1285,1,0,No,No,0.2713,1,0,No,No,0.2344,1,0,No,No,0.1328,1,0,No,No,0.1267,1,0,No,No,0.1295,1,0,No,No,0.1024,1,0,No,No,0.3557,1,0,No,No,0.1617,1,0,No,No,0.2098,1,0,No,No,0.1273,1,0,No,No,0.1077,1,0,No,No,0.1611,1,0,No,No,0.0935,1,0,No,No,0.14,1,0,No,No,0.2202,1,0,No,No,0.1311,1,0,No,No,0.1415,1,0,No,No,0.2423,1,0,No,No,0.1288,1,0,No,No,0.3179,1,0,No,No,0.2043,0,37,0.18149189189189185
High,9,0,1,No,No,0.1797,1,1,Yes,Yes,0.1502,0,1,No,No,0.4012,1,1,Yes,Yes,0.1838,0,1,No,No,0.1736,1,1,Yes,Yes,0.1338,1,1,Yes,Yes,0.2629,1,1,Yes,Yes,0.1391,1,1,Yes,Yes,0.1951,1,1,Yes,Yes,0.2154,1,1,Yes,Yes,0.1832,1,1,Yes,Yes,0.1243,1,1,Yes,Yes,0.1395,1,1,Yes,Yes,0.119,1,1,Yes,Yes,0.1347,1,1,Yes,Yes,0.1227,1,1,Yes,Yes,0.1082,1,1,Yes,Yes,0.1378,1,1,Yes,Yes,0.1291,1,1,Yes,Yes,0.1369,1,1,Yes,Yes,0.1229,1,1,Yes,Yes,0.1375,1,1,Yes,Yes,0.333,1,1,Yes,Yes,0.1253,1,1,Yes,Yes,0.1843,1,1,Yes,Yes,0.1257,1,1,Yes,Yes,0.129,1,1,Yes,Yes,0.1311,1,1,Yes,Yes,0.1251,1,1,Yes,Yes,0.1229,1,1,Yes,Yes,0.172,1,1,Yes,Yes,0.1247,0,1,No,No,0.1248,1,1,Yes,Yes,0.1541,1,1,Yes,Yes,0.1275,1,1,Yes,Yes,0.2271,1,1,Yes,Yes,0.0979,33,4,0.1604081081081081
High,10,0,0,Yes,Yes,0.2478,0,0,Yes,Yes,0.3138,0,0,Yes,Yes,0.354,0,0,Yes,Yes,0.18,0,0,Yes,Yes,0.2144,0,0,Yes,Yes,0.2271,0,0,Yes,Yes,0.2466,0,0,Yes,Yes,0.2892,0,0,Yes,Yes,0.2155,0,0,Yes,Yes,0.1767,0,0,Yes,Yes,0.1408,0,0,Yes,Yes,0.1361,0,0,Yes,Yes,0.1361,0,0,Yes,Yes,0.132,0,0,Yes,Yes,0.1675,0,0,Yes,Yes,0.1335,0,0,Yes,Yes,0.2693,0,0,Yes,Yes,0.3218,0,0,Yes,Yes,0.1542,0,0,Yes,Yes,0.1936,0,0,Yes,Yes,0.1518,0,0,Yes,Yes,0.2126,0,0,Yes,Yes,0.3012,0,0,Yes,Yes,0.1276,0,0,Yes,Yes,0.2805,0,0,Yes,Yes,0.1459,0,0,Yes,Yes,0.1318,0,0,Yes,Yes,0.1287,0,0,Yes,Yes,0.1769,0,0,Yes,Yes,0.1334,0,0,Yes,Yes,0.3374,0,0,Yes,Yes,0.1277,0,0,Yes,Yes,0.1671,0,0,Yes,Yes,0.206,0,0,Yes,Yes,0.1604,1,0,No,No,0.2034,0,0,Yes,Yes,0.1407,36,1,0.19954324324324324
High,11,0,0,Yes,Yes,0.2768,0,0,Yes,Yes,0.1518,1,0,No,No,0.247,0,0,Yes,Yes,0.2719,0,0,Yes,Yes,0.2227,0,0,Yes,Yes,0.3017,0,0,Yes,Yes,0.3078,0,0,Yes,Yes,0.3164,1,0,No,No,0.2093,0,0,Yes,Yes,0.3179,0,0,Yes,Yes,0.293,0,0,Yes,Yes,0.2336,0,0,Yes,Yes,0.2632,0,0,Yes,Yes,0.1964,0,0,Yes,Yes,0.1302,0,0,Yes,Yes,0.1722,1,0,No,No,0.2672,1,0,No,No,0.3444,0,0,Yes,Yes,0.1269,0,0,Yes,Yes,0.2413,0,0,Yes,Yes,0.1926,0,0,Yes,Yes,0.2947,0,0,Yes,Yes,0.1325,0,0,Yes,Yes,0.1821,1,0,No,No,0.2599,0,0,Yes,Yes,0.125,1,0,No,No,0.2015,1,0,No,No,0.2783,0,0,Yes,Yes,0.1541,1,0,No,No,0.2111,1,0,No,No,0.2491,0,0,Yes,Yes,0.1317,0,0,Yes,Yes,0.1615,0,0,Yes,Yes,0.3328,1,0,No,No,0.1791,1,0,No,No,0.2556,0,0,Yes,Yes,0.2122,26,11,0.22825675675675675
High,12,0,0,Yes,Yes,0.0868,0,0,Yes,Yes,0.2151,0,0,Yes,Yes,0.1368,1,0,No,No,0.3316,0,0,Yes,Yes,0.3044,0,0,Yes,Yes,0.1371,0,0,Yes,Yes,0.1755,1,0,No,No,0.1273,0,0,Yes,Yes,0.1603,0,0,Yes,Yes,0.3192,0,0,Yes,Yes,0.2435,0,0,Yes,Yes,0.1249,0,0,Yes,Yes,0.1333,0,0,Yes,Yes,0.1866,0,0,Yes,Yes,0.2045,0,0,Yes,Yes,0.142,1,0,No,No,0.2414,0,0,Yes,Yes,0.1303,0,0,Yes,Yes,0.1617,0,0,Yes,Yes,0.2009,0,0,Yes,Yes,0.1735,0,0,Yes,Yes,0.1304,0,0,Yes,Yes,0.1276,0,0,Yes,Yes,0.1641,0,0,Yes,Yes,0.2757,1,0,No,No,0.1442,0,0,Yes,Yes,0.1979,1,0,No,No,0.1278,0,0,Yes,Yes,0.1665,0,0,Yes,Yes,0.2026,0,0,Yes,Yes,0.311,0,0,Yes,Yes,0.2134,0,0,Yes,Yes,0.1891,0,0,Yes,Yes,0.3446,0,0,Yes,Yes,0.1808,1,0,No,No,0.2083,1,0,No,No,0.1793,30,7,0.19189189189189185
High,13,0,1,No,No,0.1199,1,1,Yes,Yes,0.1318,0,1,No,No,0.2258,0,1,No,No,0.1292,0,1,No,No,0.1132,0,1,No,No,0.1736,1,1,Yes,Yes,0.1821,1,1,Yes,Yes,0.2202,1,1,Yes,Yes,0.1721,0,1,No,No,0.2565,0,1,No,No,0.1797,1,1,Yes,Yes,0.1206,0,1,No,No,0.156,0,1,No,No,0.1327,0,1,No,No,0.1267,0,1,No,No,0.1737,1,1,Yes,Yes,0.2437,1,1,Yes,Yes,0.1658,1,1,Yes,Yes,0.1702,0,1,No,No,0.2349,1,1,Yes,Yes,0.1577,0,1,No,No,0.1343,0,1,No,No,0.2109,1,1,Yes,Yes,0.1218,0,1,No,No,0.209,1,1,Yes,Yes,0.1303,0,1,No,No,0.1281,1,1,Yes,Yes,0.1512,0,1,No,No,0.1822,0,1,No,No,0.1546,1,1,Yes,Yes,0.172,1,1,Yes,Yes,0.2006,1,1,Yes,Yes,0.1234,1,1,Yes,Yes,0.3749,1,1,Yes,Yes,0.1706,1,1,Yes,Yes,0.073,0,1,No,No,0.1332,18,19,0.16908648648648653
High,14,0,0,Yes,Yes,0.1204,0,0,Yes,Yes,0.0904,0,0,Yes,Yes,0.1516,0,0,Yes,Yes,0.0988,0,0,Yes,Yes,0.0942,0,0,Yes,Yes,0.128,0,0,Yes,Yes,0.1105,0,0,Yes,Yes,0.1015,0,0,Yes,Yes,0.0811,0,0,Yes,Yes,0.1784,0,0,Yes,Yes,0.1787,0,0,Yes,Yes,0.1596,0,0,Yes,Yes,0.0889,0,0,Yes,Yes,0.1298,0,0,Yes,Yes,0.1609,0,0,Yes,Yes,0.126,0,0,Yes,Yes,0.1488,0,0,Yes,Yes,0.0804,0,0,Yes,Yes,0.1624,1,0,No,No,0.3284,0,0,Yes,Yes,0.0944,0,0,Yes,Yes,0.1288,0,0,Yes,Yes,0.1987,0,0,Yes,Yes,0.115,0,0,Yes,Yes,0.2837,0,0,Yes,Yes,0.1967,0,0,Yes,Yes,0.1229,0,0,Yes,Yes,0.0834,0,0,Yes,Yes,0.0982,0,0,Yes,Yes,0.0863,0,0,Yes,Yes,0.0841,0,0,Yes,Yes,0.1242,0,0,Yes,Yes,0.1708,0,0,Yes,Yes,0.1698,0,0,Yes,Yes,0.0823,1,0,No,No,0.0622,0,0,Yes,Yes,0.1318,35,2,0.13384054054054056
High,15,0,0,Yes,Yes,0.1708,0,0,Yes,Yes,0.117,0,0,Yes,Yes,0.2368,0,0,Yes,Yes,0.0995,0,0,Yes,Yes,0.1196,0,0,Yes,Yes,0.0842,0,0,Yes,Yes,0.099,0,0,Yes,Yes,0.0835,0,0,Yes,Yes,0.0648,0,0,Yes,Yes,0.1258,0,0,Yes,Yes,0.0677,0,0,Yes,Yes,0.0647,0,0,Yes,Yes,0.0639,0,0,Yes,Yes,0.0592,0,0,Yes,Yes,0.0798,0,0,Yes,Yes,0.0662,0,0,Yes,Yes,0.0596,0,0,Yes,Yes,0.0599,0,0,Yes,Yes,0.0616,0,0,Yes,Yes,0.1959,0,0,Yes,Yes,0.0576,0,0,Yes,Yes,0.0723,0,0,Yes,Yes,0.1933,0,0,Yes,Yes,0.0755,0,0,Yes,Yes,0.1593,0,0,Yes,Yes,0.0671,0,0,Yes,Yes,0.0715,0,0,Yes,Yes,0.0821,0,0,Yes,Yes,0.0663,0,0,Yes,Yes,0.0587,0,0,Yes,Yes,0.0627,0,0,Yes,Yes,0.0755,0,0,Yes,Yes,0.0621,0,0,Yes,Yes,0.1253,0,0,Yes,Yes,0.0631,0,0,Yes,Yes,0.0629,0,0,Yes,Yes,0.0685,37,0,0.09198108108108108
High,16,0,0,Yes,Yes,0.1716,0,0,Yes,Yes,0.1137,0,0,Yes,Yes,0.3276,0,0,Yes,Yes,0.0948,0,0,Yes,Yes,0.1201,0,0,Yes,Yes,0.0847,0,0,Yes,Yes,0.0857,0,0,Yes,Yes,0.1148,0,0,Yes,Yes,0.0639,0,0,Yes,Yes,0.1776,0,0,Yes,Yes,0.0794,0,0,Yes,Yes,0.0673,0,0,Yes,Yes,0.0705,0,0,Yes,Yes,0.0642,0,0,Yes,Yes,0.0721,0,0,Yes,Yes,0.063,0,0,Yes,Yes,0.0755,0,0,Yes,Yes,0.0644,0,0,Yes,Yes,0.0643,0,0,Yes,Yes,0.1214,0,0,Yes,Yes,0.0567,0,0,Yes,Yes,0.0643,0,0,Yes,Yes,0.2074,0,0,Yes,Yes,0.0771,1,0,No,No,0.1227,0,0,Yes,Yes,0.0588,0,0,Yes,Yes,0.0588,0,0,Yes,Yes,0.0602,0,0,Yes,Yes,0.0586,0,0,Yes,Yes,0.0619,0,0,Yes,Yes,0.0643,0,0,Yes,Yes,0.0632,0,0,Yes,Yes,0.0822,0,0,Yes,Yes,0.1308,0,0,Yes,Yes,0.0674,0,0,Yes,Yes,0.1465,0,0,Yes,Yes,0.0627,36,1,0.09568108108108109
High,17,0,0,Yes,Yes,0.1736,0,0,Yes,Yes,0.1557,0,0,Yes,Yes,0.1577,0,0,Yes,Yes,0.1722,0,0,Yes,Yes,0.1445,0,0,Yes,Yes,0.0866,0,0,Yes,Yes,0.1152,0,0,Yes,Yes,0.0943,0,0,Yes,Yes,0.0674,0,0,Yes,Yes,0.2086,0,0,Yes,Yes,0.1333,0,0,Yes,Yes,0.064,0,0,Yes,Yes,0.064,0,0,Yes,Yes,0.067,0,0,Yes,Yes,0.0683,0,0,Yes,Yes,0.0738,0,0,Yes,Yes,0.1302,0,0,Yes,Yes,0.0588,0,0,Yes,Yes,0.1319,0,0,Yes,Yes,0.1321,0,0,Yes,Yes,0.0575,0,0,Yes,Yes,0.0618,0,0,Yes,Yes,0.2908,0,0,Yes,Yes,0.0591,0,0,Yes,Yes,0.1796,0,0,Yes,Yes,0.0597,0,0,Yes,Yes,0.0581,0,0,Yes,Yes,0.0595,0,0,Yes,Yes,0.064,0,0,Yes,Yes,0.0637,0,0,Yes,Yes,0.0715,0,0,Yes,Yes,0.1272,0,0,Yes,Yes,0.0646,0,0,Yes,Yes,0.1651,0,0,Yes,Yes,0.068,0,0,Yes,Yes,0.0891,0,0,Yes,Yes,0.0658,37,0,0.10552162162162161
High,18,1,1,Yes,Yes,0.1431,1,1,Yes,Yes,0.1473,1,1,Yes,Yes,0.2335,0,1,No,No,0.1446,0,1,No,No,0.123,1,1,Yes,Yes,0.1513,1,1,Yes,Yes,0.1269,1,1,Yes,Yes,0.1861,1,1,Yes,Yes,0.1293,1,1,Yes,Yes,0.2065,1,1,Yes,Yes,0.1255,1,1,Yes,Yes,0.1333,1,1,Yes,Yes,0.1268,0,1,No,No,0.1261,1,1,Yes,Yes,0.1311,1,1,Yes,Yes,0.1327,1,1,Yes,Yes,0.1281,1,1,Yes,Yes,0.092,1,1,Yes,Yes,0.6922,1,1,Yes,Yes,0.1285,1,1,Yes,Yes,0.1245,1,1,Yes,Yes,0.1442,1,1,Yes,Yes,0.1874,1,1,Yes,Yes,0.0887,1,1,Yes,Yes,0.1771,1,1,Yes,Yes,0.1911,1,1,Yes,Yes,0.1258,1,1,Yes,Yes,0.087,1,1,Yes,Yes,0.1252,1,1,Yes,Yes,0.0909,1,1,Yes,Yes,0.1007,1,1,Yes,Yes,0.1331,0,1,No,No,0.13,1,1,Yes,Yes,0.2642,1,1,Yes,Yes,0.1556,1,1,Yes,Yes,0.1252,1,1,Yes,Yes,0.1374,33,4,0.15664864864864866
High,19,0,1,No,No,0.1909,1,1,Yes,Yes,0.1557,0,1,No,No,0.3244,0,1,No,No,0.1459,0,1,No,No,0.1341,1,1,Yes,Yes,0.1433,1,1,Yes,Yes,0.1198,1,1,Yes,Yes,0.1396,1,1,Yes,Yes,0.1303,0,1,No,No,0.1452,1,1,Yes,Yes,0.0906,1,1,Yes,Yes,0.1262,0,1,No,No,0.1251,0,1,No,No,0.1263,1,1,Yes,Yes,0.1301,1,1,Yes,Yes,0.1142,1,1,Yes,Yes,0.0828,1,1,Yes,Yes,0.1309,1,1,Yes,Yes,0.0744,1,1,Yes,Yes,0.1943,1,1,Yes,Yes,0.1196,1,1,Yes,Yes,0.1307,1,1,Yes,Yes,0.073,1,1,Yes,Yes,0.1229,1,1,Yes,Yes,0.1711,1,1,Yes,Yes,0.1528,1,1,Yes,Yes,0.1305,1,1,Yes,Yes,0.1227,0,1,No,No,0.1246,1,1,Yes,Yes,0.1262,1,1,Yes,Yes,0.1226,1,1,Yes,Yes,0.0847,0,1,No,No,0.1247,1,1,Yes,Yes,0.1244,0,1,No,No,0.1518,1,1,Yes,Yes,0.1292,1,1,Yes,Yes,0.1293,27,10,0.13418648648648646
High,20,1,1,Yes,Yes,0.1978,1,1,Yes,Yes,0.149,1,1,Yes,Yes,0.3171,1,1,Yes,Yes,0.1441,1,1,Yes,Yes,0.1723,1,1,Yes,Yes,0.1476,1,1,Yes,Yes,0.1679,1,1,Yes,Yes,0.1041,1,1,Yes,Yes,0.0842,1,1,Yes,Yes,0.1337,1,1,Yes,Yes,0.1322,1,1,Yes,Yes,0.0894,1,1,Yes,Yes,0.0826,1,1,Yes,Yes,0.0795,1,1,Yes,Yes,0.0819,1,1,Yes,Yes,0.1603,1,1,Yes,Yes,0.1265,1,1,Yes,Yes,0.1268,1,1,Yes,Yes,0.1056,1,1,Yes,Yes,0.1215,1,1,Yes,Yes,0.0856,1,1,Yes,Yes,0.0941,1,1,Yes,Yes,0.061,1,1,Yes,Yes,0.128,1,1,Yes,Yes,0.1718,1,1,Yes,Yes,0.1585,1,1,Yes,Yes,0.0895,1,1,Yes,Yes,0.094,1,1,Yes,Yes,0.1066,1,1,Yes,Yes,0.1258,1,1,Yes,Yes,0.1329,1,1,Yes,Yes,0.1319,1,1,Yes,Yes,0.0808,1,1,Yes,Yes,0.1257,1,1,Yes,Yes,0.075,1,1,Yes,Yes,0.1284,1,1,Yes,Yes,0.1243,37,0,0.12535135135135134
High,21,0,0,Yes,Yes,0.1685,0,0,Yes,Yes,0.1385,0,0,Yes,Yes,0.1531,0,0,Yes,Yes,0.1417,0,0,Yes,Yes,0.1363,0,0,Yes,Yes,0.1456,0,0,Yes,Yes,0.1298,0,0,Yes,Yes,0.139,0,0,Yes,Yes,0.0889,0,0,Yes,Yes,0.0659,0,0,Yes,Yes,0.0964,0,0,Yes,Yes,0.1288,0,0,Yes,Yes,0.1263,0,0,Yes,Yes,0.125,0,0,Yes,Yes,0.1613,0,0,Yes,Yes,0.1628,0,0,Yes,Yes,0.1275,0,0,Yes,Yes,0.0884,0,0,Yes,Yes,0.1297,0,0,Yes,Yes,0.182,0,0,Yes,Yes,0.1282,0,0,Yes,Yes,0.1329,0,0,Yes,Yes,0.0694,0,0,Yes,Yes,0.1322,0,0,Yes,Yes,0.1827,0,0,Yes,Yes,0.1861,0,0,Yes,Yes,0.1309,0,0,Yes,Yes,0.1393,0,0,Yes,Yes,0.0897,0,0,Yes,Yes,0.1337,0,0,Yes,Yes,0.1296,0,0,Yes,Yes,0.1341,0,0,Yes,Yes,0.128,0,0,Yes,Yes,0.1447,0,0,Yes,Yes,0.0921,0,0,Yes,Yes,0.0885,0,0,Yes,Yes,0.1291,37,0,0.12991081081081085
High,22,0,0,Yes,Yes,0.1313,0,0,Yes,Yes,0.1462,0,0,Yes,Yes,0.2451,0,0,Yes,Yes,0.1467,0,0,Yes,Yes,0.1259,0,0,Yes,Yes,0.1381,0,0,Yes,Yes,0.1315,0,0,Yes,Yes,0.1477,0,0,Yes,Yes,0.1239,0,0,Yes,Yes,0.063,0,0,Yes,Yes,0.1396,0,0,Yes,Yes,0.1228,0,0,Yes,Yes,0.1281,0,0,Yes,Yes,0.1521,0,0,Yes,Yes,0.1199,0,0,Yes,Yes,0.2113,0,0,Yes,Yes,0.0911,0,0,Yes,Yes,0.119,0,0,Yes,Yes,0.1031,0,0,Yes,Yes,0.2016,0,0,Yes,Yes,0.1254,0,0,Yes,Yes,0.1232,0,0,Yes,Yes,0.0917,0,0,Yes,Yes,0.1247,0,0,Yes,Yes,0.1676,0,0,Yes,Yes,0.16,0,0,Yes,Yes,0.1226,0,0,Yes,Yes,0.125,0,0,Yes,Yes,0.124,0,0,Yes,Yes,0.1234,0,0,Yes,Yes,0.1283,0,0,Yes,Yes,0.0806,0,0,Yes,Yes,0.1244,0,0,Yes,Yes,0.0921,0,0,Yes,Yes,0.1223,0,0,Yes,Yes,0.0577,0,0,Yes,Yes,0.1262,37,0,0.1299243243243243
High,23,0,1,No,No,0.121,1,1,Yes,Yes,0.1216,0,1,No,No,0.1662,1,1,Yes,Yes,0.089,1,1,Yes,Yes,0.116,1,1,Yes,Yes,0.1388,1,1,Yes,Yes,0.1399,1,1,Yes,Yes,0.1212,1,1,Yes,Yes,0.1446,1,1,Yes,Yes,0.0587,1,1,Yes,Yes,0.0662,1,1,Yes,Yes,0.0836,1,1,Yes,Yes,0.0813,0,1,No,No,0.0873,1,1,Yes,Yes,0.0812,1,1,Yes,Yes,0.1943,1,1,Yes,Yes,0.0645,0,1,No,No,0.1153,1,1,Yes,Yes,0.0694,1,1,Yes,Yes,0.1801,1,1,Yes,Yes,0.0995,0,1,No,No,0.1328,0,1,No,No,0.1408,1,1,Yes,Yes,0.0841,1,1,Yes,Yes,0.0657,1,1,Yes,Yes,0.1783,0,1,No,No,0.0836,1,1,Yes,Yes,0.0834,0,1,No,No,0.1228,1,1,Yes,Yes,0.0762,1,1,Yes,Yes,0.087,1,1,Yes,Yes,0.0665,0,1,No,No,0.0727,1,1,Yes,Yes,0.0667,1,1,Yes,Yes,0.1246,1,1,Yes,Yes,0.0683,1,1,Yes,Yes,0.0856,28,9,0.10483243243243243
High,24,1,1,Yes,Yes,0.138,1,1,Yes,Yes,0.1199,1,1,Yes,Yes,0.2124,1,1,Yes,Yes,0.0895,1,1,Yes,Yes,0.0824,1,1,Yes,Yes,0.0827,1,1,Yes,Yes,0.2283,1,1,Yes,Yes,0.1135,1,1,Yes,Yes,0.0634,1,1,Yes,Yes,0.126,1,1,Yes,Yes,0.0658,1,1,Yes,Yes,0.064,1,1,Yes,Yes,0.0621,0,1,No,No,0.0681,1,1,Yes,Yes,0.0592,1,1,Yes,Yes,0.2854,1,1,Yes,Yes,0.0646,1,1,Yes,Yes,0.0825,1,1,Yes,Yes,0.111,1,1,Yes,Yes,0.1927,1,1,Yes,Yes,0.0632,1,1,Yes,Yes,0.062,1,1,Yes,Yes,0.13,1,1,Yes,Yes,0.0624,1,1,Yes,Yes,0.0619,1,1,Yes,Yes,0.1684,1,1,Yes,Yes,0.0664,1,1,Yes,Yes,0.0587,1,1,Yes,Yes,0.0647,1,1,Yes,Yes,0.06,1,1,Yes,Yes,0.0635,1,1,Yes,Yes,0.0586,1,1,Yes,Yes,0.0651,1,1,Yes,Yes,0.0678,1,1,Yes,Yes,0.0638,1,1,Yes,Yes,0.0649,1,1,Yes,Yes,0.0629,36,1,0.09610270270270271
High,25,0,0,Yes,Yes,0.1855,0,0,Yes,Yes,0.0903,0,0,Yes,Yes,0.137,0,0,Yes,Yes,0.1002,0,0,Yes,Yes,0.1138,0,0,Yes,Yes,0.0832,0,0,Yes,Yes,0.153,0,0,Yes,Yes,0.1144,0,0,Yes,Yes,0.0628,0,0,Yes,Yes,0.136,0,0,Yes,Yes,0.0609,0,0,Yes,Yes,0.0668,0,0,Yes,Yes,0.0571,0,0,Yes,Yes,0.0626,0,0,Yes,Yes,0.058,0,0,Yes,Yes,0.2029,0,0,Yes,Yes,0.0585,0,0,Yes,Yes,0.1258,0,0,Yes,Yes,0.0704,1,0,No,No,0.2861,0,0,Yes,Yes,0.0632,0,0,Yes,Yes,0.0623,0,0,Yes,Yes,0.1718,0,0,Yes,Yes,0.0566,0,0,Yes,Yes,0.0593,0,0,Yes,Yes,0.2651,0,0,Yes,Yes,0.0576,0,0,Yes,Yes,0.1266,0,0,Yes,Yes,0.0646,0,0,Yes,Yes,0.0594,0,0,Yes,Yes,0.0679,0,0,Yes,Yes,0.0563,0,0,Yes,Yes,0.0635,0,0,Yes,Yes,0.0585,0,0,Yes,Yes,0.0618,1,0,No,No,0.0851,0,0,Yes,Yes,0.0661,35,2,0.0992162162162162
High,26,1,1,Yes,Yes,0.2145,1,1,Yes,Yes,0.1423,1,1,Yes,Yes,0.137,0,1,No,No,0.1352,1,1,Yes,Yes,0.1211,1,1,Yes,Yes,0.0836,1,1,Yes,Yes,0.2419,1,1,Yes,Yes,0.0967,1,1,Yes,Yes,0.0589,1,1,Yes,Yes,0.1268,1,1,Yes,Yes,0.0998,1,1,Yes,Yes,0.0566,1,1,Yes,Yes,0.0613,0,1,No,No,0.0561,1,1,Yes,Yes,0.0635,1,1,Yes,Yes,0.2556,1,1,Yes,Yes,0.083,1,1,Yes,Yes,0.1309,1,1,Yes,Yes,0.117,1,1,Yes,Yes,0.2105,1,1,Yes,Yes,0.0636,1,1,Yes,Yes,0.0664,1,1,Yes,Yes,0.0914,1,1,Yes,Yes,0.065,1,1,Yes,Yes,0.1325,1,1,Yes,Yes,0.3648,1,1,Yes,Yes,0.1044,1,1,Yes,Yes,0.1389,1,1,Yes,Yes,0.0579,1,1,Yes,Yes,0.0595,1,1,Yes,Yes,0.0626,1,1,Yes,Yes,0.0879,0,1,No,No,0.0642,1,1,Yes,Yes,0.1256,1,1,Yes,Yes,0.0572,1,1,Yes,Yes,0.1337,1,1,Yes,Yes,0.0675,34,3,0.11447027027027028
High,27,1,1,Yes,Yes,0.3125,1,1,Yes,Yes,0.1514,1,1,Yes,Yes,0.3282,1,1,Yes,Yes,0.1687,0,1,No,No,0.1439,1,1,Yes,Yes,0.1351,1,1,Yes,Yes,0.0982,1,1,Yes,Yes,0.119,1,1,Yes,Yes,0.1269,1,1,Yes,Yes,0.1682,1,1,Yes,Yes,0.1194,1,1,Yes,Yes,0.1251,1,1,Yes,Yes,0.1227,1,1,Yes,Yes,0.1244,1,1,Yes,Yes,0.126,1,1,Yes,Yes,0.2586,1,1,Yes,Yes,0.1482,1,1,Yes,Yes,0.1223,1,1,Yes,Yes,0.1355,1,1,Yes,Yes,0.2029,1,1,Yes,Yes,0.123,1,1,Yes,Yes,0.1299,1,1,Yes,Yes,0.0649,1,1,Yes,Yes,0.1344,1,1,Yes,Yes,0.1338,1,1,Yes,Yes,0.2148,1,1,Yes,Yes,0.1241,1,1,Yes,Yes,0.1256,1,1,Yes,Yes,0.1231,1,1,Yes,Yes,0.0926,1,1,Yes,Yes,0.1238,1,1,Yes,Yes,0.1268,0,1,No,No,0.1437,1,1,Yes,Yes,0.0904,1,1,Yes,Yes,0.1263,1,1,Yes,Yes,0.0897,1,1,Yes,Yes,0.1307,35,2,0.1441837837837838
High,28,0,1,No,No,0.1677,1,1,Yes,Yes,0.1295,0,1,No,No,0.089,0,1,No,No,0.1427,0,1,No,No,0.1459,1,1,Yes,Yes,0.15,1,1,Yes,Yes,0.0856,1,1,Yes,Yes,0.1389,1,1,Yes,Yes,0.1303,1,1,Yes,Yes,0.0792,1,1,Yes,Yes,0.1371,1,1,Yes,Yes,0.135,1,1,Yes,Yes,0.1293,1,1,Yes,Yes,0.1329,1,1,Yes,Yes,0.1362,1,1,Yes,Yes,0.1346,1,1,Yes,Yes,0.1277,1,1,Yes,Yes,0.1228,1,1,Yes,Yes,0.1301,1,1,Yes,Yes,0.0698,1,1,Yes,Yes,0.1277,1,1,Yes,Yes,0.1264,1,1,Yes,Yes,0.0685,1,1,Yes,Yes,0.1275,1,1,Yes,Yes,0.124,1,1,Yes,Yes,0.0874,1,1,Yes,Yes,0.1235,1,1,Yes,Yes,0.1709,1,1,Yes,Yes,0.1283,1,1,Yes,Yes,0.1271,1,1,Yes,Yes,0.1309,1,1,Yes,Yes,0.1241,1,1,Yes,Yes,0.1281,1,1,Yes,Yes,0.1244,1,1,Yes,Yes,0.149,1,1,Yes,Yes,0.1793,1,1,Yes,Yes,0.1364,33,4,0.12696756756756752
High,29,0,1,No,No,0.0654,0,1,No,No,0.1863,0,1,No,No,0.1262,1,1,Yes,Yes,0.2319,0,1,No,No,0.1589,0,1,No,No,0.1324,0,1,No,No,0.0826,1,1,Yes,Yes,0.133,1,1,Yes,Yes,0.1376,0,1,No,No,0.0604,1,1,Yes,Yes,0.1848,0,1,No,No,0.1397,1,1,Yes,Yes,0.1277,0,1,No,No,0.1232,0,1,No,No,0.1255,1,1,Yes,Yes,0.0849,1,1,Yes,Yes,0.1313,0,1,No,No,0.1372,1,1,Yes,Yes,0.197,0,1,No,No,0.0628,0,1,No,No,0.124,0,1,No,No,0.1338,0,1,No,No,0.0712,0,1,No,No,0.1226,1,1,Yes,Yes,0.1753,1,1,Yes,Yes,0.0853,0,1,No,No,0.1223,0,1,No,No,0.0766,0,1,No,No,0.1265,0,1,No,No,0.127,0,1,No,No,0.1301,1,1,Yes,Yes,0.1781,0,1,No,No,0.132,1,1,Yes,Yes,0.1996,0,1,No,No,0.1296,0,1,No,No,0.1241,1,1,Yes,Yes,0.1695,13,24,0.1312540540540541
High,30,1,1,Yes,Yes,0.0677,1,1,Yes,Yes,0.1998,0,1,No,No,0.1221,1,1,Yes,Yes,0.1402,1,1,Yes,Yes,0.193,1,1,Yes,Yes,0.2462,1,1,Yes,Yes,0.0815,1,1,Yes,Yes,0.2277,1,1,Yes,Yes,0.129,1,1,Yes,Yes,0.0636,1,1,Yes,Yes,0.12,1,1,Yes,Yes,0.1734,1,1,Yes,Yes,0.1899,1,1,Yes,Yes,0.1724,1,1,Yes,Yes,0.139,1,1,Yes,Yes,0.0907,1,1,Yes,Yes,0.1035,1,1,Yes,Yes,0.0645,1,1,Yes,Yes,0.0872,1,1,Yes,Yes,0.1228,1,1,Yes,Yes,0.1335,1,1,Yes,Yes,0.198,1,1,Yes,Yes,0.1295,1,1,Yes,Yes,0.1795,1,1,Yes,Yes,0.0652,1,1,Yes,Yes,0.1263,1,1,Yes,Yes,0.1529,1,1,Yes,Yes,0.0583,1,1,Yes,Yes,0.2077,1,1,Yes,Yes,0.1433,1,1,Yes,Yes,0.1509,1,1,Yes,Yes,0.0781,0,1,No,No,0.1768,1,1,Yes,Yes,0.0722,0,1,No,No,0.1787,1,1,Yes,Yes,0.0595,1,1,Yes,Yes,0.3187,34,3,0.13954864864864866
High,31,0,0,Yes,Yes,0.0663,0,0,Yes,Yes,0.0991,0,0,Yes,Yes,0.1226,0,0,Yes,Yes,0.0908,0,0,Yes,Yes,0.0929,0,0,Yes,Yes,0.1336,0,0,Yes,Yes,0.1392,0,0,Yes,Yes,0.1592,0,0,Yes,Yes,0.1678,0,0,Yes,Yes,0.0617,0,0,Yes,Yes,0.1156,0,0,Yes,Yes,0.1327,0,0,Yes,Yes,0.0751,0,0,Yes,Yes,0.0733,0,0,Yes,Yes,0.089,0,0,Yes,Yes,0.2207,0,0,Yes,Yes,0.0647,0,0,Yes,Yes,0.0555,0,0,Yes,Yes,0.0696,0,0,Yes,Yes,0.1298,0,0,Yes,Yes,0.1267,0,0,Yes,Yes,0.0772,0,0,Yes,Yes,0.1282,0,0,Yes,Yes,0.0673,0,0,Yes,Yes,0.0654,0,0,Yes,Yes,0.1834,0,0,Yes,Yes,0.0771,0,0,Yes,Yes,0.0627,0,0,Yes,Yes,0.0693,0,0,Yes,Yes,0.0907,0,0,Yes,Yes,0.1034,0,0,Yes,Yes,0.0741,0,0,Yes,Yes,0.0712,0,0,Yes,Yes,0.0786,0,0,Yes,Yes,0.0742,0,0,Yes,Yes,0.063,0,0,Yes,Yes,0.2209,37,0,0.1025027027027027
High,32,0,0,Yes,Yes,0.139,0,0,Yes,Yes,0.0988,0,0,Yes,Yes,0.141,0,0,Yes,Yes,0.0902,0,0,Yes,Yes,0.0847,0,0,Yes,Yes,0.1174,0,0,Yes,Yes,0.1369,0,0,Yes,Yes,0.1376,0,0,Yes,Yes,0.1256,0,0,Yes,Yes,0.128,0,0,Yes,Yes,0.0681,0,0,Yes,Yes,0.0687,0,0,Yes,Yes,0.0634,0,0,Yes,Yes,0.0579,0,0,Yes,Yes,0.0638,0,0,Yes,Yes,0.1784,0,0,Yes,Yes,0.0577,0,0,Yes,Yes,0.0673,0,0,Yes,Yes,0.0679,0,0,Yes,Yes,0.0754,0,0,Yes,Yes,0.0593,0,0,Yes,Yes,0.0617,0,0,Yes,Yes,0.0785,0,0,Yes,Yes,0.0579,0,0,Yes,Yes,0.0626,0,0,Yes,Yes,0.182,0,0,Yes,Yes,0.061,0,0,Yes,Yes,0.0594,0,0,Yes,Yes,0.0648,0,0,Yes,Yes,0.0604,0,0,Yes,Yes,0.0579,0,0,Yes,Yes,0.0595,0,0,Yes,Yes,0.0669,0,0,Yes,Yes,0.0628,0,0,Yes,Yes,0.0594,0,0,Yes,Yes,0.059,0,0,Yes,Yes,0.0826,37,0,0.08550000000000002
High,33,0,1,No,No,0.1223,0,1,No,No,0.0951,0,1,No,No,0.1474,0,1,No,No,0.1169,0,1,No,No,0.0859,1,1,Yes,Yes,0.0852,1,1,Yes,Yes,0.1143,1,1,Yes,Yes,0.1445,0,1,No,No,0.1299,0,1,No,No,0.1239,0,1,No,No,0.0611,1,1,Yes,Yes,0.0729,0,1,No,No,0.0621,0,1,No,No,0.0555,0,1,No,No,0.0671,0,1,No,No,0.1721,0,1,No,No,0.0613,0,1,No,No,0.1546,0,1,No,No,0.0705,0,1,No,No,0.0569,0,1,No,No,0.0586,0,1,No,No,0.0702,0,1,No,No,0.0599,1,1,Yes,Yes,0.0628,0,1,No,No,0.0586,1,1,Yes,Yes,0.2008,0,1,No,No,0.0607,0,1,No,No,0.1332,0,1,No,No,0.063,0,1,No,No,0.0611,0,1,No,No,0.0662,1,1,Yes,Yes,0.0632,0,1,No,No,0.0641,0,1,No,No,0.0663,0,1,No,No,0.0632,0,1,No,No,0.1243,0,1,No,No,0.1788,7,30,0.09336486486486487
High,34,0,0,Yes,Yes,0.0882,0,0,Yes,Yes,0.1487,0,0,Yes,Yes,0.1494,0,0,Yes,Yes,0.2247,0,0,Yes,Yes,0.1389,0,0,Yes,Yes,0.0859,0,0,Yes,Yes,0.0817,0,0,Yes,Yes,0.1025,0,0,Yes,Yes,0.0578,0,0,Yes,Yes,0.0783,0,0,Yes,Yes,0.1298,0,0,Yes,Yes,0.0708,0,0,Yes,Yes,0.0636,0,0,Yes,Yes,0.0565,0,0,Yes,Yes,0.0621,0,0,Yes,Yes,0.1544,0,0,Yes,Yes,0.0886,0,0,Yes,Yes,0.1223,0,0,Yes,Yes,0.1527,0,0,Yes,Yes,0.0566,0,0,Yes,Yes,0.1452,0,0,Yes,Yes,0.0814,0,0,Yes,Yes,0.0631,0,0,Yes,Yes,0.0593,0,0,Yes,Yes,0.0851,0,0,Yes,Yes,0.1231,0,0,Yes,Yes,0.0583,0,0,Yes,Yes,0.1573,0,0,Yes,Yes,0.0651,0,0,Yes,Yes,0.0619,0,0,Yes,Yes,0.0898,0,0,Yes,Yes,0.1299,0,0,Yes,Yes,0.0645,0,0,Yes,Yes,0.1372,0,0,Yes,Yes,0.0664,0,0,Yes,Yes,0.1274,0,0,Yes,Yes,0.1684,37,0,0.10261891891891893
High,35,0,1,No,No,0.0634,1,1,Yes,Yes,0.1553,0,1,No,No,0.1199,1,1,Yes,Yes,0.142,0,1,No,No,0.1475,1,1,Yes,Yes,0.1433,1,1,Yes,Yes,0.0823,1,1,Yes,Yes,0.094,1,1,Yes,Yes,0.0626,1,1,Yes,Yes,0.0564,1,1,Yes,Yes,0.1394,1,1,Yes,Yes,0.1345,1,1,Yes,Yes,0.1247,1,1,Yes,Yes,0.1317,1,1,Yes,Yes,0.1324,1,1,Yes,Yes,0.1298,1,1,Yes,Yes,0.1254,1,1,Yes,Yes,0.0664,1,1,Yes,Yes,0.1354,1,1,Yes,Yes,0.0551,1,1,Yes,Yes,0.1528,0,1,No,No,0.0939,0,1,No,No,0.0657,0,1,No,No,0.126,1,1,Yes,Yes,0.122,1,1,Yes,Yes,0.129,0,1,No,No,0.1252,1,1,Yes,Yes,0.1696,0,1,No,No,0.0869,1,1,Yes,Yes,0.1283,1,1,Yes,Yes,0.1217,1,1,Yes,Yes,0.1236,0,1,No,No,0.1334,1,1,Yes,Yes,0.1274,0,1,No,No,0.1257,1,1,Yes,Yes,0.0865,1,1,Yes,Yes,0.153,27,10,0.11654594594594594
High,36,1,1,Yes,Yes,0.0594,1,1,Yes,Yes,0.1453,1,1,Yes,Yes,0.0968,1,1,Yes,Yes,0.0857,1,1,Yes,Yes,0.1397,1,1,Yes,Yes,0.1704,1,1,Yes,Yes,0.095,1,1,Yes,Yes,0.0838,1,1,Yes,Yes,0.0603,1,1,Yes,Yes,0.0565,1,1,Yes,Yes,0.0785,1,1,Yes,Yes,0.1318,1,1,Yes,Yes,0.1207,1,1,Yes,Yes,0.1196,1,1,Yes,Yes,0.1387,1,1,Yes,Yes,0.0902,1,1,Yes,Yes,0.1224,1,1,Yes,Yes,0.0596,1,1,Yes,Yes,0.0852,1,1,Yes,Yes,0.0616,1,1,Yes,Yes,0.1957,1,1,Yes,Yes,0.1224,1,1,Yes,Yes,0.0618,1,1,Yes,Yes,0.1213,1,1,Yes,Yes,0.1027,1,1,Yes,Yes,0.1252,1,1,Yes,Yes,0.1557,1,1,Yes,Yes,0.1268,1,1,Yes,Yes,0.1232,1,1,Yes,Yes,0.126,1,1,Yes,Yes,0.094,1,1,Yes,Yes,0.0724,1,1,Yes,Yes,0.1251,1,1,Yes,Yes,0.0816,1,1,Yes,Yes,0.1225,1,1,Yes,Yes,0.0626,1,1,Yes,Yes,0.1739,37,0,0.10794864864864864
High,37,0,1,No,No,0.0602,1,1,Yes,Yes,0.1178,1,1,Yes,Yes,0.0966,1,1,Yes,Yes,0.125,1,1,Yes,Yes,0.0828,1,1,Yes,Yes,0.1054,1,1,Yes,Yes,0.1155,1,1,Yes,Yes,0.0805,1,1,Yes,Yes,0.064,1,1,Yes,Yes,0.0557,1,1,Yes,Yes,0.066,1,1,Yes,Yes,0.0819,1,1,Yes,Yes,0.0988,0,1,No,No,0.0841,1,1,Yes,Yes,0.1545,1,1,Yes,Yes,0.1333,1,1,Yes,Yes,0.0711,1,1,Yes,Yes,0.0614,1,1,Yes,Yes,0.0652,1,1,Yes,Yes,0.0611,1,1,Yes,Yes,0.1251,1,1,Yes,Yes,0.0914,1,1,Yes,Yes,0.0657,1,1,Yes,Yes,0.0951,1,1,Yes,Yes,0.0651,1,1,Yes,Yes,0.1328,1,1,Yes,Yes,0.0612,1,1,Yes,Yes,0.1241,0,1,No,No,0.1303,1,1,Yes,Yes,0.0805,1,1,Yes,Yes,0.0633,1,1,Yes,Yes,0.0552,0,1,No,No,0.0802,1,1,Yes,Yes,0.0706,1,1,Yes,Yes,0.0767,1,1,Yes,Yes,0.0697,1,1,Yes,Yes,0.1211,33,4,0.0888918918918919
High,38,0,0,Yes,Yes,0.0607,0,0,Yes,Yes,0.0892,0,0,Yes,Yes,0.0878,0,0,Yes,Yes,0.0954,0,0,Yes,Yes,0.0916,0,0,Yes,Yes,0.0802,0,0,Yes,Yes,0.0795,0,0,Yes,Yes,0.1198,0,0,Yes,Yes,0.0606,0,0,Yes,Yes,0.0573,0,0,Yes,Yes,0.0585,0,0,Yes,Yes,0.0576,0,0,Yes,Yes,0.0618,0,0,Yes,Yes,0.0547,0,0,Yes,Yes,0.1307,0,0,Yes,Yes,0.1027,0,0,Yes,Yes,0.055,0,0,Yes,Yes,0.0588,0,0,Yes,Yes,0.0759,0,0,Yes,Yes,0.0651,0,0,Yes,Yes,0.1257,0,0,Yes,Yes,0.0733,0,0,Yes,Yes,0.1061,0,0,Yes,Yes,0.0602,0,0,Yes,Yes,0.0656,0,0,Yes,Yes,0.0707,0,0,Yes,Yes,0.0561,0,0,Yes,Yes,0.1186,0,0,Yes,Yes,0.0583,0,0,Yes,Yes,0.0573,0,0,Yes,Yes,0.0636,0,0,Yes,Yes,0.0608,0,0,Yes,Yes,0.0577,0,0,Yes,Yes,0.064,0,0,Yes,Yes,0.0721,0,0,Yes,Yes,0.0594,0,0,Yes,Yes,0.1311,37,0,0.07685135135135135
High,39,0,0,Yes,Yes,0.0584,0,0,Yes,Yes,0.1306,1,0,No,No,0.0875,0,0,Yes,Yes,0.0913,0,0,Yes,Yes,0.0884,0,0,Yes,Yes,0.0809,0,0,Yes,Yes,0.0815,0,0,Yes,Yes,0.0833,0,0,Yes,Yes,0.0778,0,0,Yes,Yes,0.0611,0,0,Yes,Yes,0.0576,0,0,Yes,Yes,0.0551,0,0,Yes,Yes,0.0579,0,0,Yes,Yes,0.0599,0,0,Yes,Yes,0.119,0,0,Yes,Yes,0.1332,0,0,Yes,Yes,0.0613,0,0,Yes,Yes,0.0563,0,0,Yes,Yes,0.1364,0,0,Yes,Yes,0.0627,0,0,Yes,Yes,0.1242,0,0,Yes,Yes,0.0594,0,0,Yes,Yes,0.0637,0,0,Yes,Yes,0.0563,0,0,Yes,Yes,0.0571,0,0,Yes,Yes,0.0634,0,0,Yes,Yes,0.0558,0,0,Yes,Yes,0.1203,0,0,Yes,Yes,0.0583,0,0,Yes,Yes,0.057,0,0,Yes,Yes,0.057,0,0,Yes,Yes,0.0614,0,0,Yes,Yes,0.0572,0,0,Yes,Yes,0.0598,0,0,Yes,Yes,0.0631,0,0,Yes,Yes,0.0544,0,0,Yes,Yes,0.1421,36,1,0.07704594594594594
High,40,1,1,Yes,Yes,0.0604,1,1,Yes,Yes,0.0862,1,1,Yes,Yes,0.1188,1,1,Yes,Yes,0.0986,1,1,Yes,Yes,0.1155,1,1,Yes,Yes,0.1124,1,1,Yes,Yes,0.0814,1,1,Yes,Yes,0.1117,1,1,Yes,Yes,0.0584,1,1,Yes,Yes,0.0645,1,1,Yes,Yes,0.0645,1,1,Yes,Yes,0.0731,1,1,Yes,Yes,0.0587,1,1,Yes,Yes,0.0539,1,1,Yes,Yes,0.136,1,1,Yes,Yes,0.0866,1,1,Yes,Yes,0.0673,1,1,Yes,Yes,0.0563,1,1,Yes,Yes,0.1355,1,1,Yes,Yes,0.0636,1,1,Yes,Yes,0.1236,1,1,Yes,Yes,0.0586,1,1,Yes,Yes,0.0669,1,1,Yes,Yes,0.0609,1,1,Yes,Yes,0.0631,1,1,Yes,Yes,0.067,1,1,Yes,Yes,0.0561,1,1,Yes,Yes,0.1236,1,1,Yes,Yes,0.0564,1,1,Yes,Yes,0.0609,1,1,Yes,Yes,0.0611,1,1,Yes,Yes,0.0551,0,1,No,No,0.0662,1,1,Yes,Yes,0.06,0,1,No,No,0.067,1,1,Yes,Yes,0.0634,1,1,Yes,Yes,0.1462,35,2,0.0799864864864865
Average,,,,28,12,0.148285,,,37,3,0.15384749999999997,,,26,14,0.1949375,,,29,11,0.15207250000000003,,,27,13,0.14679999999999999,,,36,4,0.1441155487804878,,,37,3,0.17907616299821538,,,37,3,0.1716649717430101,,,37,3,0.15186512195121946,,,34,6,0.15464164634146338,,,37,3,0.16486646341463418,,,38,2,0.12414823170731709,,,35,5,0.11836451219512198,,,29,11,0.11979225609756097,,,36,4,0.12656722486615107,,,35,5,0.18295122099940514,,,35,5,0.15407274390243908,,,35,5,0.1468831707317073,,,37,3,0.1426508536585366,,,33,7,0.15076280487804883,,,36,4,0.130099756097561,,,31,9,0.1435251219512195,,,31,9,0.15185771415823915,,,37,3,0.11908193932183227,,,34,6,0.15278310975609755,,,38,2,0.15106103212373587,,,32,8,0.11961828673408684,,,35,5,0.13096554878048783,,,30,10,0.1219968292682927,,,35,5,0.14088432926829264,,,36,4,0.15733652439024395,,,39,1,0.12077012195121951,,,25,15,0.12238262195121949,,,37,3,0.15537596371207615,,,31,9,0.14133388905413444,,,31,9,0.15699274390243895,,,35,5,0.14538591463414635,1251,229,0.14569608108108106
